{
  "minecraft:recipes/redstone/wooden_button": {
    "criteria": {
      "has_planks": "2021-09-07 16:05:47 -0500"
    },
    "done": true
  },
  "enderioconduits:fluid/2_fluid_conduit_pressurized": {
    "criteria": {
      "inv_changed-enderio:liquid_conduit_pressurized": "2021-09-07 16:10:43 -0500"
    },
    "done": true
  },
  "minecraft:recipes/combat/wooden_sword": {
    "criteria": {
      "has_stick": "2021-09-07 16:03:13 -0500"
    },
    "done": true
  },
  "tombstone:tutorial/root": {
    "criteria": {
      "auto": "2021-09-07 15:51:30 -0500"
    },
    "done": true
  },
  "naturesaura:sky_ingot": {
    "criteria": {
      "ingot": "2021-09-07 16:55:50 -0500"
    },
    "done": true
  },
  "minecraft:story/enter_the_nether": {
    "criteria": {
      "entered_nether": "2021-09-07 17:31:39 -0500"
    },
    "done": true
  },
  "mysticalworld:root": {
    "criteria": {
      "auto": "2021-09-07 15:51:30 -0500"
    },
    "done": true
  },
  "bewitchment:oven": {
    "criteria": {
      "oven": "2021-09-07 16:32:22 -0500"
    },
    "done": true
  },
  "minecraft:recipes/decorations/fence": {
    "criteria": {
      "has_planks": "2021-09-07 16:05:47 -0500"
    },
    "done": true
  },
  "astralsorcery:root": {
    "criteria": {
      "astralsorcery_present": "2021-09-07 15:51:31 -0500"
    },
    "done": true
  },
  "minecraft:nether/root": {
    "criteria": {
      "entered_nether": "2021-09-07 17:31:39 -0500"
    },
    "done": true
  },
  "minecraft:adventure/adventuring_time": {
    "criteria": {
      "extreme_hills_with_trees": "2021-09-07 16:04:54 -0500",
      "forest_hills": "2021-09-07 15:51:30 -0500",
      "extreme_hills": "2021-09-07 16:02:33 -0500"
    },
    "done": false
  },
  "auraddons:wither_proofer": {
    "criteria": {
      "leaf": "2021-09-07 16:27:39 -0500"
    },
    "done": true
  },
  "pyrotech:enter_the_nether": {
    "criteria": {
      "entered_nether": "2021-09-07 17:31:39 -0500"
    },
    "done": true
  },
  "minecraft:recipes/redstone/trapdoor": {
    "criteria": {
      "has_planks": "2021-09-07 16:05:47 -0500"
    },
    "done": true
  },
  "minecraft:recipes/decorations/ladder": {
    "criteria": {
      "has_stick": "2021-09-07 16:03:13 -0500"
    },
    "done": true
  },
  "enderioconduits:goals/all_conduits": {
    "criteria": {
      "inv_changed-enderio:liquid_conduit_pressurized2": "2021-09-07 16:10:43 -0500"
    },
    "done": false
  },
  "enderioconduits:fluid/1_fluid_conduit": {
    "criteria": {
      "inv_changed-enderio:liquid_conduit": "2021-09-07 16:10:43 -0500"
    },
    "done": true
  },
  "minecraft:recipes/building_blocks/oak_stairs": {
    "criteria": {
      "has_planks": "2021-09-07 16:05:47 -0500"
    },
    "done": true
  },
  "minecraft:recipes/redstone/fence_gate": {
    "criteria": {
      "has_planks": "2021-09-07 16:05:47 -0500"
    },
    "done": true
  },
  "minecraft:recipes/redstone/wooden_pressure_plate": {
    "criteria": {
      "has_planks": "2021-09-07 16:05:47 -0500"
    },
    "done": true
  },
  "nuclearcraft:root": {
    "criteria": {
      "location": "2021-09-07 15:51:30 -0500"
    },
    "done": true
  },
  "minecraft:recipes/combat/arrow": {
    "criteria": {
      "has_feather": "2021-09-07 16:55:24 -0500"
    },
    "done": true
  },
  "minecraft:recipes/redstone/wooden_door": {
    "criteria": {
      "has_planks": "2021-09-07 16:05:47 -0500"
    },
    "done": true
  },
  "minecraft:recipes/decorations/sign": {
    "criteria": {
      "has_planks": "2021-09-07 16:05:47 -0500"
    },
    "done": true
  },
  "twilightforest:alt/compat/tconstruct": {
    "criteria": {
      "book": "2021-09-07 15:51:29 -0500"
    },
    "done": true
  },
  "bewitchment:root": {
    "criteria": {
      "tick": "2021-09-07 15:51:31 -0500"
    },
    "done": true
  },
  "roots:root": {
    "criteria": {
      "auto": "2021-09-07 15:51:30 -0500"
    },
    "done": true
  }
}