{"stat.chestOpened":2,"stat.useItem.minecraft.air":31,"stat.walkOneCm":19301,"stat.leaveGame":5,"stat.killEntity.italian_buffalo":1,"stat.useItem.enderio.item_endergy_conduit":2,"stat.jump":38,"stat.swimOneCm":97,"stat.pickup.astralsorcery.blockaltar":1,"stat.climbOneCm":995,"stat.pickup.minecraft.beef":2,"stat.pickup.gtadditions.ga_meta_item2":32,"stat.crouchOneCm":1578,"stat.sprintOneCm":1082,"stat.craftingTableInteraction":6,"stat.craftItem.gregtech.meta_tool":5,"stat.pickup.minecraft.leather":2,"stat.pickup.minecraft.pumpkin_seeds":128,"stat.mobKills":1,"stat.useItem.bewitchment.spanish_moss":7,"stat.flyOneCm":349028,"stat.playOneMinute":321551,"stat.sneakTime":1602,"stat.damageDealt":100,"stat.timeSinceDeath":321551,"stat.useItem.minecraft.spawn_egg":1,"stat.useItem.avaritia.infinity_sword":1}