{
  "minecraft:recipes/tools/flint_and_steel": {
    "criteria": {
      "has_flint": "2021-08-16 23:24:46 -0500"
    },
    "done": true
  },
  "aether_legacy:recipes/misc/saddle": {
    "criteria": {
      "has_leather": "2021-08-17 00:44:42 -0500"
    },
    "done": true
  },
  "pyrotech:worktable": {
    "criteria": {
      "anvil": "2021-08-16 23:24:05 -0500"
    },
    "done": true
  },
  "minecraft:recipes/combat/wooden_sword": {
    "criteria": {
      "has_stick": "2021-08-16 23:24:49 -0500"
    },
    "done": true
  },
  "minecraft:recipes/decorations/item_frame": {
    "criteria": {
      "has_leather": "2021-08-17 00:44:42 -0500"
    },
    "done": true
  },
  "tombstone:tutorial/root": {
    "criteria": {
      "auto": "2021-08-16 22:48:06 -0500"
    },
    "done": true
  },
  "minecraft:recipes/combat/leather_chestplate": {
    "criteria": {
      "has_leather": "2021-08-17 00:44:42 -0500"
    },
    "done": true
  },
  "minecraft:recipes/redstone/lever": {
    "criteria": {
      "has_cobblestone": "2021-08-17 00:13:37 -0500"
    },
    "done": true
  },
  "pyrotech:stone_machines": {
    "criteria": {
      "crucible": "2021-08-17 14:56:06 -0500"
    },
    "done": false
  },
  "aether_legacy:recipes/combat/leather_gloves": {
    "criteria": {
      "has_leather": "2021-08-17 00:44:42 -0500"
    },
    "done": true
  },
  "mysticalworld:root": {
    "criteria": {
      "auto": "2021-08-16 22:48:06 -0500"
    },
    "done": true
  },
  "pyrotech:tools_crude": {
    "criteria": {
      "pickaxe": "2021-08-16 23:09:37 -0500"
    },
    "done": true
  },
  "pyrotech:cobblestone": {
    "criteria": {
      "cobblestone": "2021-08-17 00:13:37 -0500"
    },
    "done": true
  },
  "astralsorcery:root": {
    "criteria": {
      "astralsorcery_present": "2021-08-16 22:48:07 -0500"
    },
    "done": true
  },
  "advancedrocketry:normal/root": {
    "criteria": {
      "crafting_table": "2021-08-16 23:26:36 -0500"
    },
    "done": true
  },
  "naturesaura:root": {
    "criteria": {
      "book": "2021-08-17 00:00:03 -0500"
    },
    "done": true
  },
  "minecraft:story/mine_stone": {
    "criteria": {
      "get_stone": "2021-08-17 00:13:37 -0500"
    },
    "done": true
  },
  "pyrotech:pit_kiln": {
    "criteria": {
      "anvil": "2021-08-17 00:49:23 -0500"
    },
    "done": true
  },
  "minecraft:recipes/building_blocks/stone_stairs": {
    "criteria": {
      "has_cobblestone": "2021-08-17 00:13:37 -0500"
    },
    "done": true
  },
  "minecraft:recipes/combat/leather_helmet": {
    "criteria": {
      "has_leather": "2021-08-17 00:44:42 -0500"
    },
    "done": true
  },
  "minecraft:adventure/adventuring_time": {
    "criteria": {
      "swampland": "2021-08-16 22:50:10 -0500",
      "deep_ocean": "2021-08-16 22:48:56 -0500",
      "extreme_hills_with_trees": "2021-08-16 22:50:23 -0500",
      "plains": "2021-08-16 22:49:33 -0500",
      "extreme_hills": "2021-08-16 22:48:21 -0500",
      "stone_beach": "2021-08-16 22:48:06 -0500"
    },
    "done": false
  },
  "minecraft:recipes/building_blocks/mossy_stonebrick": {
    "criteria": {
      "has_mossy_cobblestone": "2021-08-17 14:50:12 -0500"
    },
    "done": true
  },
  "wizardry:advancement_manapool": {
    "criteria": {
      "manapool": "2021-08-16 22:49:36 -0500"
    },
    "done": true
  },
  "naturesaura:gold_leaf": {
    "criteria": {
      "leaf": "2021-08-17 00:00:16 -0500"
    },
    "done": true
  },
  "pyrotech:crafting_table": {
    "criteria": {
      "item": "2021-08-16 23:26:36 -0500"
    },
    "done": true
  },
  "minecraft:recipes/decorations/ladder": {
    "criteria": {
      "has_stick": "2021-08-16 23:24:49 -0500"
    },
    "done": true
  },
  "naturesaura:infused_materials": {
    "criteria": {
      "materials": "2021-08-17 00:00:08 -0500"
    },
    "done": true
  },
  "naturesaura:wood_stand": {
    "criteria": {
      "stand": "2021-08-17 00:00:15 -0500"
    },
    "done": true
  },
  "minecraft:recipes/decorations/cobblestone_wall": {
    "criteria": {
      "has_cobblestone": "2021-08-17 00:13:37 -0500"
    },
    "done": true
  },
  "minecraft:story/root": {
    "criteria": {
      "crafting_table": "2021-08-16 23:26:36 -0500"
    },
    "done": true
  },
  "pyrotech:dried_plant_fibers": {
    "criteria": {
      "dried_plant_fibers": "2021-08-17 00:33:57 -0500"
    },
    "done": true
  },
  "nuclearcraft:root": {
    "criteria": {
      "location": "2021-08-16 22:48:06 -0500"
    },
    "done": true
  },
  "minecraft:recipes/combat/arrow": {
    "criteria": {
      "has_flint": "2021-08-16 23:24:46 -0500"
    },
    "done": true
  },
  "minecraft:adventure/root": {
    "criteria": {
      "killed_something": "2021-08-17 00:44:40 -0500"
    },
    "done": true
  },
  "naturesaura:get_book": {
    "criteria": {
      "book": "2021-08-17 00:00:03 -0500"
    },
    "done": true
  },
  "minecraft:recipes/combat/leather_boots": {
    "criteria": {
      "has_leather": "2021-08-17 00:44:42 -0500"
    },
    "done": true
  },
  "minecraft:recipes/decorations/mossy_cobblestone_wall": {
    "criteria": {
      "has_mossy_cobblestone": "2021-08-17 14:50:12 -0500"
    },
    "done": true
  },
  "pyrotech:slaked_lime": {
    "criteria": {
      "crucible": "2021-08-17 14:50:12 -0500"
    },
    "done": true
  },
  "twilightforest:alt/compat/tconstruct": {
    "criteria": {
      "book": "2021-08-16 22:48:05 -0500"
    },
    "done": true
  },
  "minecraft:recipes/combat/leather_leggings": {
    "criteria": {
      "has_leather": "2021-08-17 00:44:42 -0500"
    },
    "done": true
  },
  "roots:root": {
    "criteria": {
      "auto": "2021-08-16 22:48:06 -0500"
    },
    "done": true
  },
  "bewitchment:root": {
    "criteria": {
      "tick": "2021-08-16 22:48:07 -0500"
    },
    "done": true
  }
}