{
  "enderioconduits:fluid/2_fluid_conduit_pressurized": {
    "criteria": {
      "inv_changed-enderio:liquid_conduit_pressurized": "2021-09-27 20:37:34 -0500"
    },
    "done": true
  },
  "tombstone:tutorial/root": {
    "criteria": {
      "auto": "2021-09-27 20:23:55 -0500"
    },
    "done": true
  },
  "pyrotech:stone": {
    "criteria": {
      "stone": "2021-09-27 22:12:29 -0500"
    },
    "done": true
  },
  "enderioconduits:goals/all_conduits": {
    "criteria": {
      "inv_changed-enderio:liquid_conduit2": "2021-09-27 20:45:16 -0500",
      "inv_changed-enderio:liquid_conduit_pressurized2": "2021-09-27 20:37:34 -0500"
    },
    "done": false
  },
  "enderioconduits:fluid/1_fluid_conduit": {
    "criteria": {
      "inv_changed-enderio:liquid_conduit": "2021-09-27 20:37:34 -0500"
    },
    "done": true
  },
  "mysticalworld:root": {
    "criteria": {
      "auto": "2021-09-27 20:23:55 -0500"
    },
    "done": true
  },
  "minecraft:recipes/redstone/stone_button": {
    "criteria": {
      "has_stone": "2021-09-27 22:12:29 -0500"
    },
    "done": true
  },
  "nuclearcraft:root": {
    "criteria": {
      "location": "2021-09-27 20:23:55 -0500"
    },
    "done": true
  },
  "astralsorcery:root": {
    "criteria": {
      "astralsorcery_present": "2021-09-27 20:23:55 -0500"
    },
    "done": true
  },
  "aether_legacy:enter_aether": {
    "criteria": {
      "enter_aether": "2021-09-27 20:56:05 -0500"
    },
    "done": true
  },
  "minecraft:recipes/building_blocks/stonebrick": {
    "criteria": {
      "has_stone": "2021-09-27 22:12:29 -0500"
    },
    "done": true
  },
  "minecraft:recipes/redstone/stone_pressure_plate": {
    "criteria": {
      "has_stone": "2021-09-27 22:12:29 -0500"
    },
    "done": true
  },
  "minecraft:recipes/brewing/cauldron": {
    "criteria": {
      "has_water_bucket": "2021-09-27 21:00:30 -0500"
    },
    "done": true
  },
  "twilightforest:alt/compat/tconstruct": {
    "criteria": {
      "book": "2021-09-27 20:23:55 -0500"
    },
    "done": true
  },
  "minecraft:adventure/adventuring_time": {
    "criteria": {
      "deep_ocean": "2021-09-27 21:28:45 -0500",
      "beaches": "2021-09-27 20:36:25 -0500",
      "ocean": "2021-09-27 21:29:33 -0500"
    },
    "done": false
  },
  "bewitchment:root": {
    "criteria": {
      "tick": "2021-09-27 20:23:55 -0500"
    },
    "done": true
  },
  "roots:root": {
    "criteria": {
      "auto": "2021-09-27 20:23:55 -0500"
    },
    "done": true
  }
}