{"stat.useItem.qmd.fluid_antideuterium":1,"stat.useItem.minecraft.air":970,"stat.flyOneCm":216571,"stat.walkOneCm":27547,"stat.jump":64,"stat.swimOneCm":183,"stat.useItem.gtadditions.ga_meta_item":55,"stat.playOneMinute":141701,"stat.pickup.aether_legacy.aercloud":1,"stat.pickup.gregtech.meta_item_1":1635,"stat.sneakTime":2767,"stat.useItem.aether_legacy.aether_portal_frame":6,"stat.crouchOneCm":5055,"stat.timeSinceDeath":141701,"stat.useItem.gregtech.wire_coil":115,"stat.sprintOneCm":1518,"stat.useItem.storagedrawers.drawer_key":1,"stat.diveOneCm":1796,"stat.pickup.aether_legacy.swetty_ball":1,"stat.useItem.gregtech.meta_tool":2}