{
  "nuclearcraft:root": {
    "criteria": {
      "location": "2022-02-01 20:56:03 -0600"
    },
    "done": true
  },
  "astralsorcery:root": {
    "criteria": {
      "astralsorcery_present": "2022-02-01 20:58:09 -0600"
    },
    "done": true
  },
  "aether_legacy:enter_aether": {
    "criteria": {
      "enter_aether": "2022-02-01 20:58:42 -0600"
    },
    "done": true
  },
  "tombstone:tutorial/root": {
    "criteria": {
      "auto": "2022-02-01 20:56:03 -0600"
    },
    "done": true
  },
  "aether_legacy:to_infinity_and_beyond": {
    "criteria": {
      "enter_aether": "2022-02-01 21:48:17 -0600"
    },
    "done": true
  },
  "minecraft:recipes/brewing/cauldron": {
    "criteria": {
      "has_water_bucket": "2022-02-01 22:40:26 -0600"
    },
    "done": true
  },
  "twilightforest:alt/compat/tconstruct": {
    "criteria": {
      "book": "2022-02-01 20:56:02 -0600"
    },
    "done": true
  },
  "mysticalworld:root": {
    "criteria": {
      "auto": "2022-02-01 20:56:03 -0600"
    },
    "done": true
  },
  "bewitchment:root": {
    "criteria": {
      "tick": "2022-02-01 20:58:09 -0600"
    },
    "done": true
  },
  "roots:root": {
    "criteria": {
      "auto": "2022-02-01 20:56:03 -0600"
    },
    "done": true
  }
}