<?xml version="1.0" encoding="UTF-8" standalone="no"?>
<galaxy>
    <star blackHole="false" name="Sol" numGasGiants="0" numPlanets="0" size="1.0" temp="100" x="0" y="0">
        <planet DIMID="0" dimMapping="" name="Earth">
            <isKnown>true</isKnown>
            <fogColor>1.0,1.0,1.0</fogColor>
            <skyColor>1.0,1.0,1.0</skyColor>
            <gravitationalMultiplier>100</gravitationalMultiplier>
            <orbitalDistance>100</orbitalDistance>
            <orbitalTheta>0</orbitalTheta>
            <orbitalPhi>0</orbitalPhi>
            <retrograde>false</retrograde>
            <avgTemperature>287</avgTemperature>
            <rotationalPeriod>24000</rotationalPeriod>
            <atmosphereDensity>100</atmosphereDensity>
            <generateCraters>false</generateCraters>
            <generateCaves>false</generateCaves>
            <generateVolcanos>false</generateVolcanos>
            <generateStructures>false</generateStructures>
            <generateGeodes>false</generateGeodes>
            <planet DIMID="3" name="Luna">
                <isKnown>false</isKnown>
                <fogColor>1.0,1.0,1.0</fogColor>
                <skyColor>1.0,1.0,1.0</skyColor>
                <gravitationalMultiplier>16</gravitationalMultiplier>
                <orbitalDistance>150</orbitalDistance>
                <orbitalTheta>0</orbitalTheta>
                <orbitalPhi>0</orbitalPhi>
                <retrograde>false</retrograde>
                <avgTemperature>255</avgTemperature>
                <rotationalPeriod>128000</rotationalPeriod>
                <atmosphereDensity>0</atmosphereDensity>
                <generateCraters>true</generateCraters>
                <generateCaves>false</generateCaves>
                <generateVolcanos>false</generateVolcanos>
                <generateStructures>false</generateStructures>
                <generateGeodes>false</generateGeodes>
                <biomeIds>advancedrocketry:moon;30,advancedrocketry:moondark;30</biomeIds>
            </planet>
        </planet>
        <planet DIMID="16" name="Sol 16">
            <isKnown>false</isKnown>
            <fogColor>1.0,1.0,1.0</fogColor>
            <skyColor>0.8,0.5561398,1.0</skyColor>
            <gravitationalMultiplier>92</gravitationalMultiplier>
            <orbitalDistance>199</orbitalDistance>
            <orbitalTheta>133</orbitalTheta>
            <orbitalPhi>-109</orbitalPhi>
            <retrograde>false</retrograde>
            <avgTemperature>181</avgTemperature>
            <rotationalPeriod>30323</rotationalPeriod>
            <atmosphereDensity>55</atmosphereDensity>
            <generateCraters>true</generateCraters>
            <generateCaves>false</generateCaves>
            <generateVolcanos>false</generateVolcanos>
            <generateStructures>false</generateStructures>
            <generateGeodes>false</generateGeodes>
            <biomeIds>twilightforest:dark_forest;30,abyssalcraft:darklands_mountains;4,twilightforest:mushroom_forest;30,minecraft:deep_ocean;30,abyssalcraft:dreadlands_forest;30</biomeIds>
        </planet>
        <planet DIMID="17" name="Sol 17">
            <isKnown>false</isKnown>
            <fogColor>1.0,1.0,1.0</fogColor>
            <skyColor>0.8,0.66077334,0.37137294</skyColor>
            <gravitationalMultiplier>90</gravitationalMultiplier>
            <orbitalDistance>84</orbitalDistance>
            <orbitalTheta>124</orbitalTheta>
            <orbitalPhi>-173</orbitalPhi>
            <retrograde>false</retrograde>
            <avgTemperature>379</avgTemperature>
            <rotationalPeriod>32379</rotationalPeriod>
            <atmosphereDensity>214</atmosphereDensity>
            <generateCraters>false</generateCraters>
            <generateCaves>false</generateCaves>
            <generateVolcanos>false</generateVolcanos>
            <generateStructures>false</generateStructures>
            <generateGeodes>true</generateGeodes>
            <biomeIds>minecraft:mutated_redwood_taiga_hills;30,minecraft:ocean;30,jeid:error_biome;30,minecraft:mutated_mesa;30,twilightforest:deep_mushroom_forest;30,advancedrocketry:deepswamp;30,advancedrocketry:stormland;30</biomeIds>
        </planet>
        <planet DIMID="19" name="Sol 19">
            <isKnown>false</isKnown>
            <fogColor>1.0,1.0,1.0</fogColor>
            <skyColor>0.8,0.9195787,0.0</skyColor>
            <gravitationalMultiplier>113</gravitationalMultiplier>
            <orbitalDistance>2</orbitalDistance>
            <orbitalTheta>49</orbitalTheta>
            <orbitalPhi>2</orbitalPhi>
            <retrograde>false</retrograde>
            <avgTemperature>1834</avgTemperature>
            <rotationalPeriod>16414</rotationalPeriod>
            <atmosphereDensity>66</atmosphereDensity>
            <generateCraters>true</generateCraters>
            <generateCaves>false</generateCaves>
            <generateVolcanos>true</generateVolcanos>
            <generateStructures>false</generateStructures>
            <generateGeodes>false</generateGeodes>
            <biomeIds>minecraft:desert;30,minecraft:mutated_mesa_rock;30,minecraft:deep_ocean;30,advancedrocketry:marsh;30,minecraft:mutated_savanna_rock;30</biomeIds>
            <planet DIMID="20" name="Sol 19: 0">
                <isKnown>false</isKnown>
                <fogColor>1.0,1.0,1.0</fogColor>
                <skyColor>0.8,0.5849404,1.0</skyColor>
                <gravitationalMultiplier>65</gravitationalMultiplier>
                <orbitalDistance>168</orbitalDistance>
                <orbitalTheta>53</orbitalTheta>
                <orbitalPhi>-295</orbitalPhi>
                <retrograde>false</retrograde>
                <avgTemperature>197</avgTemperature>
                <rotationalPeriod>87391</rotationalPeriod>
                <atmosphereDensity>31</atmosphereDensity>
                <generateCraters>true</generateCraters>
                <generateCaves>false</generateCaves>
                <generateVolcanos>false</generateVolcanos>
                <generateStructures>false</generateStructures>
                <generateGeodes>false</generateGeodes>
                <biomeIds>minecraft:ice_flats;30</biomeIds>
            </planet>
            <planet DIMID="21" name="Sol 19: 1">
                <isKnown>false</isKnown>
                <fogColor>1.0,1.0,1.0</fogColor>
                <skyColor>0.8,0.6764754,0.99147534</skyColor>
                <gravitationalMultiplier>64</gravitationalMultiplier>
                <orbitalDistance>189</orbitalDistance>
                <orbitalTheta>68</orbitalTheta>
                <orbitalPhi>-131</orbitalPhi>
                <retrograde>false</retrograde>
                <avgTemperature>186</avgTemperature>
                <rotationalPeriod>91552</rotationalPeriod>
                <atmosphereDensity>29</atmosphereDensity>
                <generateCraters>true</generateCraters>
                <generateCaves>false</generateCaves>
                <generateVolcanos>false</generateVolcanos>
                <generateStructures>false</generateStructures>
                <generateGeodes>false</generateGeodes>
                <biomeIds>minecraft:ice_flats;30</biomeIds>
            </planet>
            <oceanBlock>minecraft:lava</oceanBlock>
        </planet>
        <planet DIMID="4" name="Sol 4">
            <isKnown>false</isKnown>
            <GasGiant>true</GasGiant>
            <gas>nitrogen</gas>
            <gas>methane</gas>
            <gas>oxygen</gas>
            <fogColor>1.0,1.0,1.0</fogColor>
            <skyColor>1.0,1.0,1.0</skyColor>
            <gravitationalMultiplier>113</gravitationalMultiplier>
            <orbitalDistance>265</orbitalDistance>
            <orbitalTheta>0</orbitalTheta>
            <orbitalPhi>0</orbitalPhi>
            <retrograde>false</retrograde>
            <avgTemperature>190</avgTemperature>
            <rotationalPeriod>24000</rotationalPeriod>
            <atmosphereDensity>134</atmosphereDensity>
            <generateCraters>false</generateCraters>
            <generateCaves>false</generateCaves>
            <generateVolcanos>false</generateVolcanos>
            <generateStructures>false</generateStructures>
            <generateGeodes>false</generateGeodes>
            <planet DIMID="5" name="Sol 4: 0">
                <isKnown>false</isKnown>
                <fogColor>1.0,1.0,1.0</fogColor>
                <skyColor>0.8,0.72582555,1.0</skyColor>
                <gravitationalMultiplier>42</gravitationalMultiplier>
                <orbitalDistance>187</orbitalDistance>
                <orbitalTheta>337</orbitalTheta>
                <orbitalPhi>-317</orbitalPhi>
                <retrograde>false</retrograde>
                <avgTemperature>187</avgTemperature>
                <rotationalPeriod>323939</rotationalPeriod>
                <atmosphereDensity>31</atmosphereDensity>
                <generateCraters>true</generateCraters>
                <generateCaves>false</generateCaves>
                <generateVolcanos>false</generateVolcanos>
                <generateStructures>false</generateStructures>
                <generateGeodes>false</generateGeodes>
                <biomeIds>minecraft:ice_flats;30</biomeIds>
            </planet>
            <planet DIMID="6" name="Sol 4: 1">
                <isKnown>false</isKnown>
                <fogColor>1.0,1.0,1.0</fogColor>
                <skyColor>0.8,0.94477344,0.92996866</skyColor>
                <gravitationalMultiplier>52</gravitationalMultiplier>
                <orbitalDistance>129</orbitalDistance>
                <orbitalTheta>8</orbitalTheta>
                <orbitalPhi>-360</orbitalPhi>
                <retrograde>false</retrograde>
                <avgTemperature>225</avgTemperature>
                <rotationalPeriod>170687</rotationalPeriod>
                <atmosphereDensity>14</atmosphereDensity>
                <generateCraters>true</generateCraters>
                <generateCaves>false</generateCaves>
                <generateVolcanos>false</generateVolcanos>
                <generateStructures>false</generateStructures>
                <generateGeodes>false</generateGeodes>
                <biomeIds>advancedrocketry:moon;30,advancedrocketry:moondark;30</biomeIds>
            </planet>
            <planet DIMID="8" name="Sol 4: 2">
                <isKnown>false</isKnown>
                <fogColor>1.0,1.0,1.0</fogColor>
                <skyColor>0.8,0.621671,0.9104589</skyColor>
                <gravitationalMultiplier>35</gravitationalMultiplier>
                <orbitalDistance>139</orbitalDistance>
                <orbitalTheta>324</orbitalTheta>
                <orbitalPhi>-302</orbitalPhi>
                <retrograde>false</retrograde>
                <avgTemperature>217</avgTemperature>
                <rotationalPeriod>559766</rotationalPeriod>
                <atmosphereDensity>35</atmosphereDensity>
                <generateCraters>true</generateCraters>
                <generateCaves>false</generateCaves>
                <generateVolcanos>false</generateVolcanos>
                <generateStructures>false</generateStructures>
                <generateGeodes>false</generateGeodes>
                <biomeIds>minecraft:mutated_mesa_rock;30,minecraft:jungle_hills;30,advancedrocketry:volcanicbarren;30,advancedrocketry:crystalchasms;30,minecraft:mutated_swampland;30</biomeIds>
            </planet>
        </planet>
        <planet DIMID="22" name="Sol 22">
            <isKnown>false</isKnown>
            <fogColor>1.0,1.0,1.0</fogColor>
            <skyColor>0.8,0.51622224,0.8061321</skyColor>
            <gravitationalMultiplier>123</gravitationalMultiplier>
            <orbitalDistance>106</orbitalDistance>
            <orbitalTheta>269</orbitalTheta>
            <orbitalPhi>-508</orbitalPhi>
            <retrograde>false</retrograde>
            <avgTemperature>248</avgTemperature>
            <rotationalPeriod>12741</rotationalPeriod>
            <atmosphereDensity>55</atmosphereDensity>
            <generateCraters>true</generateCraters>
            <generateCaves>false</generateCaves>
            <generateVolcanos>false</generateVolcanos>
            <generateStructures>false</generateStructures>
            <generateGeodes>false</generateGeodes>
            <biomeIds>minecraft:mutated_jungle_edge;30,twilightforest:dark_forest_center;30,minecraft:extreme_hills;10,minecraft:jungle_edge;30,minecraft:mutated_plains;30</biomeIds>
            <planet DIMID="23" name="Sol 22: 0">
                <isKnown>false</isKnown>
                <fogColor>1.0,1.0,1.0</fogColor>
                <skyColor>0.8,0.70255566,1.0</skyColor>
                <gravitationalMultiplier>70</gravitationalMultiplier>
                <orbitalDistance>201</orbitalDistance>
                <orbitalTheta>137</orbitalTheta>
                <orbitalPhi>-102</orbitalPhi>
                <retrograde>false</retrograde>
                <avgTemperature>180</avgTemperature>
                <rotationalPeriod>69970</rotationalPeriod>
                <atmosphereDensity>18</atmosphereDensity>
                <generateCraters>true</generateCraters>
                <generateCaves>false</generateCaves>
                <generateVolcanos>false</generateVolcanos>
                <generateStructures>false</generateStructures>
                <generateGeodes>false</generateGeodes>
                <biomeIds>advancedrocketry:moon;30,advancedrocketry:moondark;30</biomeIds>
            </planet>
        </planet>
        <planet DIMID="24" name="Sol 24">
            <isKnown>false</isKnown>
            <fogColor>1.0,1.0,1.0</fogColor>
            <skyColor>0.8,0.5113486,0.45637566</skyColor>
            <gravitationalMultiplier>106</gravitationalMultiplier>
            <orbitalDistance>78</orbitalDistance>
            <orbitalTheta>155</orbitalTheta>
            <orbitalPhi>-304</orbitalPhi>
            <retrograde>false</retrograde>
            <avgTemperature>368</avgTemperature>
            <rotationalPeriod>19868</rotationalPeriod>
            <atmosphereDensity>164</atmosphereDensity>
            <generateCraters>false</generateCraters>
            <generateCaves>false</generateCaves>
            <generateVolcanos>false</generateVolcanos>
            <generateStructures>true</generateStructures>
            <generateGeodes>true</generateGeodes>
            <biomeIds>abyssalcraft:dreadlands_mountains;30,minecraft:forest_hills;30,minecraft:deep_ocean;30,minecraft:mutated_extreme_hills;30,minecraft:desert_hills;30</biomeIds>
            <planet DIMID="25" name="Sol 24: 0">
                <isKnown>false</isKnown>
                <fogColor>1.0,1.0,1.0</fogColor>
                <skyColor>0.8,0.8614562,0.87087005</skyColor>
                <gravitationalMultiplier>45</gravitationalMultiplier>
                <orbitalDistance>128</orbitalDistance>
                <orbitalTheta>7</orbitalTheta>
                <orbitalPhi>-156</orbitalPhi>
                <retrograde>false</retrograde>
                <avgTemperature>226</avgTemperature>
                <rotationalPeriod>263374</rotationalPeriod>
                <atmosphereDensity>35</atmosphereDensity>
                <generateCraters>true</generateCraters>
                <generateCaves>false</generateCaves>
                <generateVolcanos>false</generateVolcanos>
                <generateStructures>false</generateStructures>
                <generateGeodes>false</generateGeodes>
                <biomeIds>minecraft:mutated_plains;30,twilightforest:enchanted_forest;30,twilightforest:fire_swamp;30,abyssalcraft:dreadlands;30,minecraft:jungle_hills;30</biomeIds>
            </planet>
        </planet>
        <planet DIMID="9" name="Sol 9">
            <isKnown>false</isKnown>
            <fogColor>1.0,1.0,1.0</fogColor>
            <skyColor>0.8,0.73189944,0.35820037</skyColor>
            <gravitationalMultiplier>130</gravitationalMultiplier>
            <orbitalDistance>76</orbitalDistance>
            <orbitalTheta>37</orbitalTheta>
            <orbitalPhi>-218</orbitalPhi>
            <retrograde>false</retrograde>
            <avgTemperature>387</avgTemperature>
            <rotationalPeriod>10923</rotationalPeriod>
            <atmosphereDensity>190</atmosphereDensity>
            <generateCraters>false</generateCraters>
            <generateCaves>false</generateCaves>
            <generateVolcanos>false</generateVolcanos>
            <generateStructures>true</generateStructures>
            <generateGeodes>true</generateGeodes>
            <biomeIds>minecraft:plains;10,minecraft:mesa;30,twilightforest:fire_swamp;30,minecraft:jungle;30,abyssalcraft:abyssal_wastelands;30</biomeIds>
            <planet DIMID="10" name="Sol 9: 0">
                <isKnown>false</isKnown>
                <fogColor>1.0,1.0,1.0</fogColor>
                <skyColor>0.8,0.9830998,0.9564255</skyColor>
                <gravitationalMultiplier>77</gravitationalMultiplier>
                <orbitalDistance>149</orbitalDistance>
                <orbitalTheta>113</orbitalTheta>
                <orbitalPhi>-427</orbitalPhi>
                <retrograde>false</retrograde>
                <avgTemperature>209</avgTemperature>
                <rotationalPeriod>52570</rotationalPeriod>
                <atmosphereDensity>33</atmosphereDensity>
                <generateCraters>true</generateCraters>
                <generateCaves>false</generateCaves>
                <generateVolcanos>false</generateVolcanos>
                <generateStructures>false</generateStructures>
                <generateGeodes>false</generateGeodes>
                <biomeIds>minecraft:savanna_rock;30,twilightforest:spooky_forest;30,minecraft:mutated_extreme_hills;30,abyssalcraft:omothol;30,twilightforest:mushroom_forest;30</biomeIds>
            </planet>
            <planet DIMID="11" name="Sol 9: 1">
                <isKnown>false</isKnown>
                <fogColor>1.0,1.0,1.0</fogColor>
                <skyColor>0.8,0.8289324,0.8959188</skyColor>
                <gravitationalMultiplier>72</gravitationalMultiplier>
                <orbitalDistance>115</orbitalDistance>
                <orbitalTheta>332</orbitalTheta>
                <orbitalPhi>-258</orbitalPhi>
                <retrograde>false</retrograde>
                <avgTemperature>238</avgTemperature>
                <rotationalPeriod>64300</rotationalPeriod>
                <atmosphereDensity>20</atmosphereDensity>
                <generateCraters>true</generateCraters>
                <generateCaves>false</generateCaves>
                <generateVolcanos>false</generateVolcanos>
                <generateStructures>false</generateStructures>
                <generateGeodes>false</generateGeodes>
                <seaLevel>46</seaLevel>
                <biomeIds>advancedrocketry:moon;30,advancedrocketry:moondark;30</biomeIds>
            </planet>
            <planet DIMID="12" name="Sol 9: 2">
                <isKnown>false</isKnown>
                <fogColor>1.0,1.0,1.0</fogColor>
                <skyColor>0.8,0.7048651,1.0</skyColor>
                <gravitationalMultiplier>70</gravitationalMultiplier>
                <orbitalDistance>187</orbitalDistance>
                <orbitalTheta>65</orbitalTheta>
                <orbitalPhi>42</orbitalPhi>
                <retrograde>false</retrograde>
                <avgTemperature>187</avgTemperature>
                <rotationalPeriod>69970</rotationalPeriod>
                <atmosphereDensity>21</atmosphereDensity>
                <generateCraters>true</generateCraters>
                <generateCaves>false</generateCaves>
                <generateVolcanos>false</generateVolcanos>
                <generateStructures>false</generateStructures>
                <generateGeodes>false</generateGeodes>
                <biomeIds>advancedrocketry:moon;30,advancedrocketry:moondark;30</biomeIds>
            </planet>
        </planet>
        <planet DIMID="26" name="Sol 26">
            <isKnown>false</isKnown>
            <fogColor>1.0,1.0,1.0</fogColor>
            <skyColor>0.8,0.7658911,0.7208369</skyColor>
            <gravitationalMultiplier>130</gravitationalMultiplier>
            <orbitalDistance>102</orbitalDistance>
            <orbitalTheta>82</orbitalTheta>
            <orbitalPhi>66</orbitalPhi>
            <retrograde>false</retrograde>
            <avgTemperature>287</avgTemperature>
            <rotationalPeriod>10923</rotationalPeriod>
            <atmosphereDensity>104</atmosphereDensity>
            <generateCraters>false</generateCraters>
            <generateCaves>false</generateCaves>
            <generateVolcanos>false</generateVolcanos>
            <generateStructures>true</generateStructures>
            <generateGeodes>false</generateGeodes>
            <biomeIds>minecraft:mushroom_island;30,twilightforest:firefly_forest;30,abyssalcraft:abyssal_wastelands;30,advancedrocketry:crystalchasms;30,minecraft:cold_beach;30</biomeIds>
            <planet DIMID="27" name="Sol 26: 0">
                <isKnown>false</isKnown>
                <fogColor>1.0,1.0,1.0</fogColor>
                <skyColor>0.8,0.56959015,0.96631694</skyColor>
                <gravitationalMultiplier>81</gravitationalMultiplier>
                <orbitalDistance>163</orbitalDistance>
                <orbitalTheta>309</orbitalTheta>
                <orbitalPhi>-163</orbitalPhi>
                <retrograde>false</retrograde>
                <avgTemperature>200</avgTemperature>
                <rotationalPeriod>45160</rotationalPeriod>
                <atmosphereDensity>24</atmosphereDensity>
                <generateCraters>true</generateCraters>
                <generateCaves>false</generateCaves>
                <generateVolcanos>false</generateVolcanos>
                <generateStructures>false</generateStructures>
                <generateGeodes>false</generateGeodes>
                <biomeIds>advancedrocketry:moon;30,advancedrocketry:moondark;30</biomeIds>
            </planet>
            <planet DIMID="28" name="Sol 26: 1">
                <isKnown>false</isKnown>
                <fogColor>1.0,1.0,1.0</fogColor>
                <skyColor>0.8,0.7913927,0.98311037</skyColor>
                <gravitationalMultiplier>87</gravitationalMultiplier>
                <orbitalDistance>154</orbitalDistance>
                <orbitalTheta>172</orbitalTheta>
                <orbitalPhi>-154</orbitalPhi>
                <retrograde>false</retrograde>
                <avgTemperature>206</avgTemperature>
                <rotationalPeriod>36446</rotationalPeriod>
                <atmosphereDensity>25</atmosphereDensity>
                <generateCraters>true</generateCraters>
                <generateCaves>false</generateCaves>
                <generateVolcanos>false</generateVolcanos>
                <generateStructures>false</generateStructures>
                <generateGeodes>false</generateGeodes>
                <biomeIds>advancedrocketry:moon;30,advancedrocketry:moondark;30</biomeIds>
            </planet>
        </planet>
        <planet DIMID="13" name="Sol 13">
            <isKnown>false</isKnown>
            <fogColor>1.0,1.0,1.0</fogColor>
            <skyColor>0.8,0.9252734,0.65863967</skyColor>
            <gravitationalMultiplier>130</gravitationalMultiplier>
            <orbitalDistance>102</orbitalDistance>
            <orbitalTheta>265</orbitalTheta>
            <orbitalPhi>-267</orbitalPhi>
            <retrograde>false</retrograde>
            <avgTemperature>305</avgTemperature>
            <rotationalPeriod>10923</rotationalPeriod>
            <atmosphereDensity>132</atmosphereDensity>
            <generateCraters>false</generateCraters>
            <generateCaves>false</generateCaves>
            <generateVolcanos>false</generateVolcanos>
            <generateStructures>true</generateStructures>
            <generateGeodes>true</generateGeodes>
            <seaLevel>50</seaLevel>
            <biomeIds>advancedrocketry:crystalchasms;30</biomeIds>
            <planet DIMID="14" name="Sol 13: 0">
                <isKnown>false</isKnown>
                <fogColor>1.0,1.0,1.0</fogColor>
                <skyColor>0.8,0.752862,1.0</skyColor>
                <gravitationalMultiplier>73</gravitationalMultiplier>
                <orbitalDistance>197</orbitalDistance>
                <orbitalTheta>244</orbitalTheta>
                <orbitalPhi>-295</orbitalPhi>
                <retrograde>false</retrograde>
                <avgTemperature>182</avgTemperature>
                <rotationalPeriod>61693</rotationalPeriod>
                <atmosphereDensity>31</atmosphereDensity>
                <generateCraters>true</generateCraters>
                <generateCaves>false</generateCaves>
                <generateVolcanos>false</generateVolcanos>
                <generateStructures>false</generateStructures>
                <generateGeodes>false</generateGeodes>
                <biomeIds>abyssalcraft:dark_realm;30,minecraft:plains;10,minecraft:jungle_edge;30,minecraft:desert;30,minecraft:mutated_birch_forest;30</biomeIds>
            </planet>
            <planet DIMID="15" name="Sol 13: 1">
                <isKnown>false</isKnown>
                <fogColor>1.0,1.0,1.0</fogColor>
                <skyColor>0.8,0.7824029,0.75161207</skyColor>
                <gravitationalMultiplier>89</gravitationalMultiplier>
                <orbitalDistance>97</orbitalDistance>
                <orbitalTheta>286</orbitalTheta>
                <orbitalPhi>58</orbitalPhi>
                <retrograde>false</retrograde>
                <avgTemperature>259</avgTemperature>
                <rotationalPeriod>34044</rotationalPeriod>
                <atmosphereDensity>34</atmosphereDensity>
                <generateCraters>true</generateCraters>
                <generateCaves>false</generateCaves>
                <generateVolcanos>false</generateVolcanos>
                <generateStructures>false</generateStructures>
                <generateGeodes>false</generateGeodes>
                <biomeIds>minecraft:mutated_redwood_taiga_hills;30,minecraft:mesa_clear_rock;30,minecraft:mutated_birch_forest;30,minecraft:mutated_swampland;30,nuclearcraft:nuclear_wasteland;5</biomeIds>
            </planet>
        </planet>
        <planet DIMID="29" name="Sol 29">
            <isKnown>false</isKnown>
            <fogColor>1.0,1.0,1.0</fogColor>
            <skyColor>0.8,0.5766193,0.0</skyColor>
            <gravitationalMultiplier>130</gravitationalMultiplier>
            <orbitalDistance>8</orbitalDistance>
            <orbitalTheta>111</orbitalTheta>
            <orbitalPhi>283</orbitalPhi>
            <retrograde>false</retrograde>
            <avgTemperature>904</avgTemperature>
            <rotationalPeriod>10923</rotationalPeriod>
            <atmosphereDensity>41</atmosphereDensity>
            <generateCraters>true</generateCraters>
            <generateCaves>false</generateCaves>
            <generateVolcanos>true</generateVolcanos>
            <generateStructures>false</generateStructures>
            <generateGeodes>false</generateGeodes>
            <seaLevel>44</seaLevel>
            <biomeIds>twilightforest:fire_swamp;30,minecraft:deep_ocean;30,minecraft:mutated_mesa_clear_rock;30,minecraft:mutated_desert;30,minecraft:mutated_mesa_rock;30</biomeIds>
            <planet DIMID="32" name="Sol 29: 2">
                <isKnown>false</isKnown>
                <fogColor>1.0,1.0,1.0</fogColor>
                <skyColor>0.8,0.6088991,1.0</skyColor>
                <gravitationalMultiplier>58</gravitationalMultiplier>
                <orbitalDistance>186</orbitalDistance>
                <orbitalTheta>82</orbitalTheta>
                <orbitalPhi>-95</orbitalPhi>
                <retrograde>false</retrograde>
                <avgTemperature>187</avgTemperature>
                <rotationalPeriod>123006</rotationalPeriod>
                <atmosphereDensity>29</atmosphereDensity>
                <generateCraters>true</generateCraters>
                <generateCaves>false</generateCaves>
                <generateVolcanos>false</generateVolcanos>
                <generateStructures>false</generateStructures>
                <generateGeodes>false</generateGeodes>
                <biomeIds>minecraft:mutated_roofed_forest;30,abyssalcraft:dreadlands_forest;30,twilightforest:twilight_forest;30,minecraft:jungle_hills;30,advancedrocketry:crystalchasms;30</biomeIds>
            </planet>
            <planet DIMID="30" name="Sol 29: 0">
                <isKnown>false</isKnown>
                <fogColor>1.0,1.0,1.0</fogColor>
                <skyColor>0.8,0.8132296,1.0</skyColor>
                <gravitationalMultiplier>72</gravitationalMultiplier>
                <orbitalDistance>176</orbitalDistance>
                <orbitalTheta>0</orbitalTheta>
                <orbitalPhi>125</orbitalPhi>
                <retrograde>false</retrograde>
                <avgTemperature>192</avgTemperature>
                <rotationalPeriod>64300</rotationalPeriod>
                <atmosphereDensity>35</atmosphereDensity>
                <generateCraters>true</generateCraters>
                <generateCaves>false</generateCaves>
                <generateVolcanos>false</generateVolcanos>
                <generateStructures>false</generateStructures>
                <generateGeodes>false</generateGeodes>
                <biomeIds>minecraft:ice_flats;30</biomeIds>
            </planet>
            <planet DIMID="31" name="Sol 29: 1">
                <isKnown>false</isKnown>
                <fogColor>1.0,1.0,1.0</fogColor>
                <skyColor>0.8,0.80381966,0.9530335</skyColor>
                <gravitationalMultiplier>76</gravitationalMultiplier>
                <orbitalDistance>150</orbitalDistance>
                <orbitalTheta>187</orbitalTheta>
                <orbitalPhi>6</orbitalPhi>
                <retrograde>false</retrograde>
                <avgTemperature>208</avgTemperature>
                <rotationalPeriod>54672</rotationalPeriod>
                <atmosphereDensity>24</atmosphereDensity>
                <generateCraters>true</generateCraters>
                <generateCaves>false</generateCaves>
                <generateVolcanos>false</generateVolcanos>
                <generateStructures>false</generateStructures>
                <generateGeodes>false</generateGeodes>
                <biomeIds>advancedrocketry:moon;30,advancedrocketry:moondark;30</biomeIds>
            </planet>
            <oceanBlock>minecraft:lava</oceanBlock>
        </planet>
    </star>
    <star blackHole="false" name="Wolf 12" numGasGiants="0" numPlanets="0" size="1.0" temp="10" x="300" y="-200">
        <planet DIMID="34" name="Wolf 12 34">
            <isKnown>false</isKnown>
            <fogColor>1.0,1.0,1.0</fogColor>
            <skyColor>0.39600718,0.81001997,1.0</skyColor>
            <gravitationalMultiplier>130</gravitationalMultiplier>
            <orbitalDistance>98</orbitalDistance>
            <orbitalTheta>33</orbitalTheta>
            <orbitalPhi>-92</orbitalPhi>
            <retrograde>false</retrograde>
            <avgTemperature>31</avgTemperature>
            <rotationalPeriod>10923</rotationalPeriod>
            <atmosphereDensity>146</atmosphereDensity>
            <generateCraters>false</generateCraters>
            <generateCaves>false</generateCaves>
            <generateVolcanos>false</generateVolcanos>
            <generateStructures>false</generateStructures>
            <generateGeodes>true</generateGeodes>
            <biomeIds>minecraft:extreme_hills_with_trees;30,abyssalcraft:darklands;4,minecraft:mutated_desert;30,abyssalcraft:dark_realm;30,twilightforest:highlands_center;30</biomeIds>
            <planet DIMID="35" name="Wolf 12 34: 0">
                <isKnown>false</isKnown>
                <fogColor>1.0,1.0,1.0</fogColor>
                <skyColor>0.3085184,0.6200526,1.0</skyColor>
                <gravitationalMultiplier>46</gravitationalMultiplier>
                <orbitalDistance>145</orbitalDistance>
                <orbitalTheta>14</orbitalTheta>
                <orbitalPhi>-41</orbitalPhi>
                <retrograde>false</retrograde>
                <avgTemperature>21</avgTemperature>
                <rotationalPeriod>246568</rotationalPeriod>
                <atmosphereDensity>34</atmosphereDensity>
                <generateCraters>true</generateCraters>
                <generateCaves>false</generateCaves>
                <generateVolcanos>false</generateVolcanos>
                <generateStructures>false</generateStructures>
                <generateGeodes>false</generateGeodes>
                <seaLevel>67</seaLevel>
                <biomeIds>advancedrocketry:crystalchasms;30,abyssalcraft:omothol;30,abyssalcraft:purified_dreadlands;30,minecraft:desert;30,abyssalcraft:abyssal_wastelands;30</biomeIds>
            </planet>
        </planet>
        <planet DIMID="36" name="Wolf 12 36">
            <isKnown>false</isKnown>
            <fogColor>1.0,1.0,1.0</fogColor>
            <skyColor>0.35401738,0.58155656,1.0</skyColor>
            <gravitationalMultiplier>130</gravitationalMultiplier>
            <orbitalDistance>93</orbitalDistance>
            <orbitalTheta>92</orbitalTheta>
            <orbitalPhi>-235</orbitalPhi>
            <retrograde>false</retrograde>
            <avgTemperature>28</avgTemperature>
            <rotationalPeriod>10923</rotationalPeriod>
            <atmosphereDensity>80</atmosphereDensity>
            <generateCraters>false</generateCraters>
            <generateCaves>false</generateCaves>
            <generateVolcanos>false</generateVolcanos>
            <generateStructures>false</generateStructures>
            <generateGeodes>false</generateGeodes>
            <biomeIds>twilightforest:twilight_forest;30,advancedrocketry:marsh;30,abyssalcraft:darklands;4,minecraft:jungle_edge;30,minecraft:mutated_extreme_hills_with_trees;30</biomeIds>
            <planet DIMID="37" name="Wolf 12 36: 0">
                <isKnown>false</isKnown>
                <fogColor>1.0,1.0,1.0</fogColor>
                <skyColor>0.26847088,0.744606,1.0</skyColor>
                <gravitationalMultiplier>51</gravitationalMultiplier>
                <orbitalDistance>185</orbitalDistance>
                <orbitalTheta>210</orbitalTheta>
                <orbitalPhi>109</orbitalPhi>
                <retrograde>false</retrograde>
                <avgTemperature>18</avgTemperature>
                <rotationalPeriod>180925</rotationalPeriod>
                <atmosphereDensity>25</atmosphereDensity>
                <generateCraters>true</generateCraters>
                <generateCaves>false</generateCaves>
                <generateVolcanos>false</generateVolcanos>
                <generateStructures>false</generateStructures>
                <generateGeodes>false</generateGeodes>
                <biomeIds>advancedrocketry:moon;30,advancedrocketry:moondark;30</biomeIds>
            </planet>
            <planet DIMID="38" name="Wolf 12 36: 1">
                <isKnown>false</isKnown>
                <fogColor>1.0,1.0,1.0</fogColor>
                <skyColor>0.2972865,0.5581133,1.0</skyColor>
                <gravitationalMultiplier>89</gravitationalMultiplier>
                <orbitalDistance>179</orbitalDistance>
                <orbitalTheta>122</orbitalTheta>
                <orbitalPhi>-246</orbitalPhi>
                <retrograde>false</retrograde>
                <avgTemperature>19</avgTemperature>
                <rotationalPeriod>34044</rotationalPeriod>
                <atmosphereDensity>33</atmosphereDensity>
                <generateCraters>true</generateCraters>
                <generateCaves>false</generateCaves>
                <generateVolcanos>false</generateVolcanos>
                <generateStructures>false</generateStructures>
                <generateGeodes>false</generateGeodes>
                <biomeIds>abyssalcraft:purged;30,advancedrocketry:marsh;30,minecraft:roofed_forest;10,minecraft:mutated_extreme_hills_with_trees;30,abyssalcraft:coralium_infested_swamp;6</biomeIds>
            </planet>
        </planet>
        <planet DIMID="39" name="Wolf 12 39">
            <isKnown>false</isKnown>
            <fogColor>1.0,1.0,1.0</fogColor>
            <skyColor>0.3068421,0.7366499,1.0</skyColor>
            <gravitationalMultiplier>119</gravitationalMultiplier>
            <orbitalDistance>202</orbitalDistance>
            <orbitalTheta>306</orbitalTheta>
            <orbitalPhi>-462</orbitalPhi>
            <retrograde>false</retrograde>
            <avgTemperature>18</avgTemperature>
            <rotationalPeriod>14063</rotationalPeriod>
            <atmosphereDensity>67</atmosphereDensity>
            <generateCraters>true</generateCraters>
            <generateCaves>false</generateCaves>
            <generateVolcanos>false</generateVolcanos>
            <generateStructures>false</generateStructures>
            <generateGeodes>false</generateGeodes>
            <seaLevel>80</seaLevel>
            <biomeIds>abyssalcraft:darklands_forest;4,minecraft:mesa_clear_rock;30,twilightforest:firefly_forest;30,twilightforest:fire_swamp;30,abyssalcraft:darklands_plains;4</biomeIds>
            <planet DIMID="40" name="Wolf 12 39: 0">
                <isKnown>false</isKnown>
                <fogColor>1.0,1.0,1.0</fogColor>
                <skyColor>0.2846467,0.53825414,1.0</skyColor>
                <gravitationalMultiplier>52</gravitationalMultiplier>
                <orbitalDistance>144</orbitalDistance>
                <orbitalTheta>234</orbitalTheta>
                <orbitalPhi>91</orbitalPhi>
                <retrograde>false</retrograde>
                <avgTemperature>21</avgTemperature>
                <rotationalPeriod>161206</rotationalPeriod>
                <atmosphereDensity>21</atmosphereDensity>
                <generateCraters>true</generateCraters>
                <generateCaves>false</generateCaves>
                <generateVolcanos>false</generateVolcanos>
                <generateStructures>false</generateStructures>
                <generateGeodes>false</generateGeodes>
                <biomeIds>advancedrocketry:moon;30,advancedrocketry:moondark;30</biomeIds>
            </planet>
        </planet>
        <planet DIMID="41" name="Wolf 12 41">
            <isKnown>false</isKnown>
            <fogColor>1.0,1.0,1.0</fogColor>
            <skyColor>0.30440068,0.6109581,1.0</skyColor>
            <gravitationalMultiplier>118</gravitationalMultiplier>
            <orbitalDistance>137</orbitalDistance>
            <orbitalTheta>170</orbitalTheta>
            <orbitalPhi>-82</orbitalPhi>
            <retrograde>false</retrograde>
            <avgTemperature>27</avgTemperature>
            <rotationalPeriod>14423</rotationalPeriod>
            <atmosphereDensity>160</atmosphereDensity>
            <generateCraters>false</generateCraters>
            <generateCaves>false</generateCaves>
            <generateVolcanos>false</generateVolcanos>
            <generateStructures>false</generateStructures>
            <generateGeodes>true</generateGeodes>
            <biomeIds>jeid:error_biome;30,minecraft:mutated_redwood_taiga;30,advancedrocketry:crystalchasms;30,twilightforest:spooky_forest;30,abyssalcraft:abyssal_wastelands;30</biomeIds>
        </planet>
        <planet DIMID="42" name="Wolf 12 42">
            <isKnown>false</isKnown>
            <hasRings>true</hasRings>
            <ringColor>0.6662492,0.6310655,1.0</ringColor>
            <fogColor>1.0,1.0,1.0</fogColor>
            <skyColor>0.6662492,0.6310655,1.0</skyColor>
            <gravitationalMultiplier>109</gravitationalMultiplier>
            <orbitalDistance>5</orbitalDistance>
            <orbitalTheta>267</orbitalTheta>
            <orbitalPhi>79</orbitalPhi>
            <retrograde>false</retrograde>
            <avgTemperature>137</avgTemperature>
            <rotationalPeriod>18279</rotationalPeriod>
            <atmosphereDensity>129</atmosphereDensity>
            <generateCraters>false</generateCraters>
            <generateCaves>false</generateCaves>
            <generateVolcanos>false</generateVolcanos>
            <generateStructures>false</generateStructures>
            <generateGeodes>true</generateGeodes>
            <biomeIds>minecraft:beaches;30,nuclearcraft:nuclear_wasteland;5,minecraft:mutated_mesa_clear_rock;30,minecraft:savanna_rock;30,twilightforest:thornlands;30</biomeIds>
            <planet DIMID="43" name="Wolf 12 42: 0">
                <isKnown>false</isKnown>
                <fogColor>1.0,1.0,1.0</fogColor>
                <skyColor>0.29147494,0.9804374,1.0</skyColor>
                <gravitationalMultiplier>76</gravitationalMultiplier>
                <orbitalDistance>132</orbitalDistance>
                <orbitalTheta>199</orbitalTheta>
                <orbitalPhi>-8</orbitalPhi>
                <retrograde>false</retrograde>
                <avgTemperature>22</avgTemperature>
                <rotationalPeriod>54672</rotationalPeriod>
                <atmosphereDensity>17</atmosphereDensity>
                <generateCraters>true</generateCraters>
                <generateCaves>false</generateCaves>
                <generateVolcanos>false</generateVolcanos>
                <generateStructures>false</generateStructures>
                <generateGeodes>false</generateGeodes>
                <biomeIds>advancedrocketry:moon;30,advancedrocketry:moondark;30</biomeIds>
            </planet>
        </planet>
    </star>
    <star blackHole="false" name="Epsilon ire" numGasGiants="0" numPlanets="0" size="1.0" temp="170" x="-200" y="80">
        <planet DIMID="49" name="Epsilon ire 49">
            <isKnown>false</isKnown>
            <fogColor>1.0,1.0,1.0</fogColor>
            <skyColor>0.8,0.8564421,0.5747042</skyColor>
            <gravitationalMultiplier>111</gravitationalMultiplier>
            <orbitalDistance>171</orbitalDistance>
            <orbitalTheta>89</orbitalTheta>
            <orbitalPhi>84</orbitalPhi>
            <retrograde>false</retrograde>
            <avgTemperature>332</avgTemperature>
            <rotationalPeriod>17313</rotationalPeriod>
            <atmosphereDensity>1</atmosphereDensity>
            <generateCraters>true</generateCraters>
            <generateCaves>false</generateCaves>
            <generateVolcanos>false</generateVolcanos>
            <generateStructures>false</generateStructures>
            <generateGeodes>false</generateGeodes>
            <biomeIds>advancedrocketry:moon;30,advancedrocketry:moondark;30</biomeIds>
        </planet>
        <planet DIMID="54" name="Epsilon ire 54">
            <isKnown>false</isKnown>
            <fogColor>1.0,1.0,1.0</fogColor>
            <skyColor>0.8,0.7991185,0.0</skyColor>
            <gravitationalMultiplier>123</gravitationalMultiplier>
            <orbitalDistance>122</orbitalDistance>
            <orbitalTheta>211</orbitalTheta>
            <orbitalPhi>188</orbitalPhi>
            <retrograde>false</retrograde>
            <avgTemperature>524</avgTemperature>
            <rotationalPeriod>12741</rotationalPeriod>
            <atmosphereDensity>197</atmosphereDensity>
            <generateCraters>false</generateCraters>
            <generateCaves>false</generateCaves>
            <generateVolcanos>true</generateVolcanos>
            <generateStructures>false</generateStructures>
            <generateGeodes>true</generateGeodes>
            <biomeIds>minecraft:jungle;30,minecraft:desert;30,twilightforest:fire_swamp;30,minecraft:savanna_rock;30,minecraft:ocean;30</biomeIds>
            <oceanBlock>minecraft:lava</oceanBlock>
        </planet>
        <planet DIMID="55" name="Epsilon ire 55">
            <isKnown>false</isKnown>
            <fogColor>1.0,1.0,1.0</fogColor>
            <skyColor>0.8,0.6298267,0.0</skyColor>
            <gravitationalMultiplier>123</gravitationalMultiplier>
            <orbitalDistance>59</orbitalDistance>
            <orbitalTheta>246</orbitalTheta>
            <orbitalPhi>-122</orbitalPhi>
            <retrograde>false</retrograde>
            <avgTemperature>684</avgTemperature>
            <rotationalPeriod>12741</rotationalPeriod>
            <atmosphereDensity>133</atmosphereDensity>
            <generateCraters>false</generateCraters>
            <generateCaves>false</generateCaves>
            <generateVolcanos>true</generateVolcanos>
            <generateStructures>false</generateStructures>
            <generateGeodes>true</generateGeodes>
            <biomeIds>minecraft:jungle;30,minecraft:jungle_edge;30,minecraft:desert;30,minecraft:mutated_savanna;30,minecraft:mutated_desert;30</biomeIds>
            <planet DIMID="56" name="Epsilon ire 55: 0">
                <isKnown>false</isKnown>
                <fogColor>1.0,1.0,1.0</fogColor>
                <skyColor>0.8,0.7529589,0.1781004</skyColor>
                <gravitationalMultiplier>85</gravitationalMultiplier>
                <orbitalDistance>103</orbitalDistance>
                <orbitalTheta>95</orbitalTheta>
                <orbitalPhi>-177</orbitalPhi>
                <retrograde>false</retrograde>
                <avgTemperature>428</avgTemperature>
                <rotationalPeriod>39079</rotationalPeriod>
                <atmosphereDensity>29</atmosphereDensity>
                <generateCraters>true</generateCraters>
                <generateCaves>false</generateCaves>
                <generateVolcanos>false</generateVolcanos>
                <generateStructures>false</generateStructures>
                <generateGeodes>false</generateGeodes>
                <biomeIds>minecraft:extreme_hills;10</biomeIds>
            </planet>
            <planet DIMID="57" name="Epsilon ire 55: 1">
                <isKnown>false</isKnown>
                <fogColor>1.0,1.0,1.0</fogColor>
                <skyColor>0.8,0.69549286,0.5874469</skyColor>
                <gravitationalMultiplier>36</gravitationalMultiplier>
                <orbitalDistance>187</orbitalDistance>
                <orbitalTheta>68</orbitalTheta>
                <orbitalPhi>-311</orbitalPhi>
                <retrograde>false</retrograde>
                <avgTemperature>318</avgTemperature>
                <rotationalPeriod>514403</rotationalPeriod>
                <atmosphereDensity>37</atmosphereDensity>
                <generateCraters>true</generateCraters>
                <generateCaves>false</generateCaves>
                <generateVolcanos>false</generateVolcanos>
                <generateStructures>false</generateStructures>
                <generateGeodes>false</generateGeodes>
                <biomeIds>advancedrocketry:volcanicbarren;30</biomeIds>
            </planet>
            <oceanBlock>minecraft:lava</oceanBlock>
        </planet>
        <planet DIMID="58" name="Epsilon ire 58">
            <isKnown>false</isKnown>
            <fogColor>1.0,1.0,1.0</fogColor>
            <skyColor>0.8,0.91259384,0.0</skyColor>
            <gravitationalMultiplier>108</gravitationalMultiplier>
            <orbitalDistance>76</orbitalDistance>
            <orbitalTheta>92</orbitalTheta>
            <orbitalPhi>-60</orbitalPhi>
            <retrograde>false</retrograde>
            <avgTemperature>502</avgTemperature>
            <rotationalPeriod>18789</rotationalPeriod>
            <atmosphereDensity>64</atmosphereDensity>
            <generateCraters>true</generateCraters>
            <generateCaves>false</generateCaves>
            <generateVolcanos>true</generateVolcanos>
            <generateStructures>false</generateStructures>
            <generateGeodes>false</generateGeodes>
            <biomeIds>minecraft:mutated_savanna_rock;30,minecraft:savanna;30,minecraft:desert_hills;30,minecraft:mutated_jungle;30,minecraft:mutated_savanna;30</biomeIds>
            <planet DIMID="59" name="Epsilon ire 58: 0">
                <isKnown>false</isKnown>
                <fogColor>1.0,1.0,1.0</fogColor>
                <skyColor>0.8,0.5165124,0.60895634</skyColor>
                <gravitationalMultiplier>48</gravitationalMultiplier>
                <orbitalDistance>177</orbitalDistance>
                <orbitalTheta>177</orbitalTheta>
                <orbitalPhi>-192</orbitalPhi>
                <retrograde>false</retrograde>
                <avgTemperature>326</avgTemperature>
                <rotationalPeriod>217013</rotationalPeriod>
                <atmosphereDensity>30</atmosphereDensity>
                <generateCraters>true</generateCraters>
                <generateCaves>false</generateCaves>
                <generateVolcanos>false</generateVolcanos>
                <generateStructures>false</generateStructures>
                <generateGeodes>false</generateGeodes>
                <biomeIds>advancedrocketry:crystalchasms;30,minecraft:mutated_jungle;30,minecraft:mutated_extreme_hills;30,twilightforest:twilight_clearing;30,abyssalcraft:dreadlands_forest;30</biomeIds>
            </planet>
            <planet DIMID="60" name="Epsilon ire 58: 1">
                <isKnown>false</isKnown>
                <fogColor>1.0,1.0,1.0</fogColor>
                <skyColor>0.8,0.80535257,0.27308494</skyColor>
                <gravitationalMultiplier>30</gravitationalMultiplier>
                <orbitalDistance>118</orbitalDistance>
                <orbitalTheta>277</orbitalTheta>
                <orbitalPhi>-297</orbitalPhi>
                <retrograde>false</retrograde>
                <avgTemperature>400</avgTemperature>
                <rotationalPeriod>888888</rotationalPeriod>
                <atmosphereDensity>27</atmosphereDensity>
                <generateCraters>true</generateCraters>
                <generateCaves>false</generateCaves>
                <generateVolcanos>false</generateVolcanos>
                <generateStructures>false</generateStructures>
                <generateGeodes>false</generateGeodes>
                <seaLevel>81</seaLevel>
                <biomeIds>minecraft:extreme_hills;10</biomeIds>
            </planet>
            <oceanBlock>minecraft:lava</oceanBlock>
        </planet>
        <planet DIMID="44" name="Epsilon ire 44">
            <isKnown>false</isKnown>
            <fogColor>1.0,1.0,1.0</fogColor>
            <skyColor>0.8,0.8669917,0.0</skyColor>
            <gravitationalMultiplier>118</gravitationalMultiplier>
            <orbitalDistance>96</orbitalDistance>
            <orbitalTheta>213</orbitalTheta>
            <orbitalPhi>208</orbitalPhi>
            <retrograde>false</retrograde>
            <avgTemperature>565</avgTemperature>
            <rotationalPeriod>14423</rotationalPeriod>
            <atmosphereDensity>165</atmosphereDensity>
            <generateCraters>false</generateCraters>
            <generateCaves>false</generateCaves>
            <generateVolcanos>true</generateVolcanos>
            <generateStructures>false</generateStructures>
            <generateGeodes>true</generateGeodes>
            <biomeIds>minecraft:savanna_rock;30,advancedrocketry:oceanspires;30,minecraft:desert_hills;30,twilightforest:twilight_lake;30,minecraft:mutated_jungle_edge;30</biomeIds>
            <planet DIMID="45" name="Epsilon ire 44: 0">
                <isKnown>false</isKnown>
                <fogColor>1.0,1.0,1.0</fogColor>
                <skyColor>0.8,0.90592074,0.47971177</skyColor>
                <gravitationalMultiplier>73</gravitationalMultiplier>
                <orbitalDistance>146</orbitalDistance>
                <orbitalTheta>52</orbitalTheta>
                <orbitalPhi>-218</orbitalPhi>
                <retrograde>false</retrograde>
                <avgTemperature>359</avgTemperature>
                <rotationalPeriod>61693</rotationalPeriod>
                <atmosphereDensity>30</atmosphereDensity>
                <generateCraters>true</generateCraters>
                <generateCaves>false</generateCaves>
                <generateVolcanos>false</generateVolcanos>
                <generateStructures>false</generateStructures>
                <generateGeodes>false</generateGeodes>
                <biomeIds>minecraft:mushroom_island;30</biomeIds>
            </planet>
            <oceanBlock>minecraft:lava</oceanBlock>
        </planet>
        <planet DIMID="61" name="Epsilon ire 61">
            <isKnown>false</isKnown>
            <fogColor>1.0,1.0,1.0</fogColor>
            <skyColor>0.8,0.948406,0.18752372</skyColor>
            <gravitationalMultiplier>87</gravitationalMultiplier>
            <orbitalDistance>167</orbitalDistance>
            <orbitalTheta>139</orbitalTheta>
            <orbitalPhi>17</orbitalPhi>
            <retrograde>false</retrograde>
            <avgTemperature>448</avgTemperature>
            <rotationalPeriod>35825</rotationalPeriod>
            <atmosphereDensity>197</atmosphereDensity>
            <generateCraters>false</generateCraters>
            <generateCaves>false</generateCaves>
            <generateVolcanos>false</generateVolcanos>
            <generateStructures>true</generateStructures>
            <generateGeodes>true</generateGeodes>
            <biomeIds>minecraft:mutated_mesa;30,abyssalcraft:dreadlands_mountains;30,advancedrocketry:crystalchasms;30,minecraft:ocean;30,twilightforest:oak_savannah;30</biomeIds>
        </planet>
        <planet DIMID="46" name="Epsilon ire 46">
            <isKnown>false</isKnown>
            <fogColor>1.0,1.0,1.0</fogColor>
            <skyColor>0.8,0.53721035,0.1703937</skyColor>
            <gravitationalMultiplier>108</gravitationalMultiplier>
            <orbitalDistance>102</orbitalDistance>
            <orbitalTheta>155</orbitalTheta>
            <orbitalPhi>-53</orbitalPhi>
            <retrograde>false</retrograde>
            <avgTemperature>430</avgTemperature>
            <rotationalPeriod>18789</rotationalPeriod>
            <atmosphereDensity>51</atmosphereDensity>
            <generateCraters>true</generateCraters>
            <generateCaves>false</generateCaves>
            <generateVolcanos>false</generateVolcanos>
            <generateStructures>false</generateStructures>
            <generateGeodes>false</generateGeodes>
            <biomeIds>abyssalcraft:coralium_infested_swamp;6,minecraft:forest;10,abyssalcraft:omothol;30,minecraft:jungle_edge;30,twilightforest:dark_forest_center;30</biomeIds>
            <planet DIMID="48" name="Epsilon ire 46: 1">
                <isKnown>false</isKnown>
                <fogColor>1.0,1.0,1.0</fogColor>
                <skyColor>0.8,0.7697309,0.46060103</skyColor>
                <gravitationalMultiplier>52</gravitationalMultiplier>
                <orbitalDistance>151</orbitalDistance>
                <orbitalTheta>131</orbitalTheta>
                <orbitalPhi>396</orbitalPhi>
                <retrograde>false</retrograde>
                <avgTemperature>353</avgTemperature>
                <rotationalPeriod>161206</rotationalPeriod>
                <atmosphereDensity>25</atmosphereDensity>
                <generateCraters>true</generateCraters>
                <generateCaves>false</generateCaves>
                <generateVolcanos>false</generateVolcanos>
                <generateStructures>false</generateStructures>
                <generateGeodes>false</generateGeodes>
                <biomeIds>advancedrocketry:moon;30,advancedrocketry:moondark;30</biomeIds>
            </planet>
            <planet DIMID="47" name="Epsilon ire 46: 0">
                <isKnown>false</isKnown>
                <fogColor>1.0,1.0,1.0</fogColor>
                <skyColor>0.8,0.7562449,0.47854322</skyColor>
                <gravitationalMultiplier>39</gravitationalMultiplier>
                <orbitalDistance>145</orbitalDistance>
                <orbitalTheta>325</orbitalTheta>
                <orbitalPhi>-149</orbitalPhi>
                <retrograde>false</retrograde>
                <avgTemperature>361</avgTemperature>
                <rotationalPeriod>404592</rotationalPeriod>
                <atmosphereDensity>23</atmosphereDensity>
                <generateCraters>true</generateCraters>
                <generateCaves>false</generateCaves>
                <generateVolcanos>false</generateVolcanos>
                <generateStructures>false</generateStructures>
                <generateGeodes>false</generateGeodes>
                <biomeIds>advancedrocketry:moon;30,advancedrocketry:moondark;30</biomeIds>
            </planet>
        </planet>
    </star>
    <star blackHole="false" name="Proxima Centaurs" numGasGiants="0" numPlanets="0" size="1.0" temp="200" x="-150" y="250">
        <planet DIMID="64" name="Proxima Centaurs 64">
            <isKnown>false</isKnown>
            <fogColor>1.0,1.0,1.0</fogColor>
            <skyColor>0.8,0.9543066,0.0</skyColor>
            <gravitationalMultiplier>130</gravitationalMultiplier>
            <orbitalDistance>146</orbitalDistance>
            <orbitalTheta>287</orbitalTheta>
            <orbitalPhi>-332</orbitalPhi>
            <retrograde>false</retrograde>
            <avgTemperature>516</avgTemperature>
            <rotationalPeriod>10923</rotationalPeriod>
            <atmosphereDensity>138</atmosphereDensity>
            <generateCraters>false</generateCraters>
            <generateCaves>false</generateCaves>
            <generateVolcanos>true</generateVolcanos>
            <generateStructures>false</generateStructures>
            <generateGeodes>true</generateGeodes>
            <biomeIds>minecraft:deep_ocean;30,minecraft:jungle_edge;30,minecraft:frozen_ocean;30,twilightforest:fire_swamp;30,minecraft:jungle;30</biomeIds>
            <planet DIMID="65" name="Proxima Centaurs 64: 0">
                <isKnown>false</isKnown>
                <fogColor>1.0,1.0,1.0</fogColor>
                <skyColor>0.8,0.6267252,0.2878589</skyColor>
                <gravitationalMultiplier>58</gravitationalMultiplier>
                <orbitalDistance>162</orbitalDistance>
                <orbitalTheta>145</orbitalTheta>
                <orbitalPhi>-306</orbitalPhi>
                <retrograde>false</retrograde>
                <avgTemperature>402</avgTemperature>
                <rotationalPeriod>123006</rotationalPeriod>
                <atmosphereDensity>28</atmosphereDensity>
                <generateCraters>true</generateCraters>
                <generateCaves>false</generateCaves>
                <generateVolcanos>false</generateVolcanos>
                <generateStructures>false</generateStructures>
                <generateGeodes>false</generateGeodes>
                <biomeIds>minecraft:extreme_hills;10</biomeIds>
            </planet>
            <oceanBlock>minecraft:lava</oceanBlock>
        </planet>
        <planet DIMID="66" name="Proxima Centaurs 66">
            <isKnown>false</isKnown>
            <fogColor>1.0,1.0,1.0</fogColor>
            <skyColor>0.8,0.7918197,0.45584238</skyColor>
            <gravitationalMultiplier>119</gravitationalMultiplier>
            <orbitalDistance>198</orbitalDistance>
            <orbitalTheta>337</orbitalTheta>
            <orbitalPhi>-69</orbitalPhi>
            <retrograde>false</retrograde>
            <avgTemperature>363</avgTemperature>
            <rotationalPeriod>14063</rotationalPeriod>
            <atmosphereDensity>14</atmosphereDensity>
            <generateCraters>true</generateCraters>
            <generateCaves>false</generateCaves>
            <generateVolcanos>false</generateVolcanos>
            <generateStructures>false</generateStructures>
            <generateGeodes>false</generateGeodes>
            <biomeIds>advancedrocketry:moon;30,advancedrocketry:moondark;30</biomeIds>
            <planet DIMID="67" name="Proxima Centaurs 66: 0">
                <isKnown>false</isKnown>
                <fogColor>1.0,1.0,1.0</fogColor>
                <skyColor>0.8,0.933897,0.39046967</skyColor>
                <gravitationalMultiplier>36</gravitationalMultiplier>
                <orbitalDistance>191</orbitalDistance>
                <orbitalTheta>180</orbitalTheta>
                <orbitalPhi>-118</orbitalPhi>
                <retrograde>false</retrograde>
                <avgTemperature>370</avgTemperature>
                <rotationalPeriod>514403</rotationalPeriod>
                <atmosphereDensity>16</atmosphereDensity>
                <generateCraters>true</generateCraters>
                <generateCaves>false</generateCaves>
                <generateVolcanos>false</generateVolcanos>
                <generateStructures>false</generateStructures>
                <generateGeodes>false</generateGeodes>
                <biomeIds>advancedrocketry:moon;30,advancedrocketry:moondark;30</biomeIds>
            </planet>
            <planet DIMID="68" name="Proxima Centaurs 66: 1">
                <isKnown>false</isKnown>
                <fogColor>1.0,1.0,1.0</fogColor>
                <skyColor>0.8,0.7015535,0.3973161</skyColor>
                <gravitationalMultiplier>50</gravitationalMultiplier>
                <orbitalDistance>198</orbitalDistance>
                <orbitalTheta>29</orbitalTheta>
                <orbitalPhi>-168</orbitalPhi>
                <retrograde>false</retrograde>
                <avgTemperature>363</avgTemperature>
                <rotationalPeriod>192000</rotationalPeriod>
                <atmosphereDensity>25</atmosphereDensity>
                <generateCraters>true</generateCraters>
                <generateCaves>false</generateCaves>
                <generateVolcanos>false</generateVolcanos>
                <generateStructures>false</generateStructures>
                <generateGeodes>false</generateGeodes>
                <biomeIds>advancedrocketry:moon;30,advancedrocketry:moondark;30</biomeIds>
            </planet>
            <planet DIMID="69" name="Proxima Centaurs 66: 2">
                <isKnown>false</isKnown>
                <fogColor>1.0,1.0,1.0</fogColor>
                <skyColor>0.8,0.7251259,0.26193053</skyColor>
                <gravitationalMultiplier>70</gravitationalMultiplier>
                <orbitalDistance>147</orbitalDistance>
                <orbitalTheta>254</orbitalTheta>
                <orbitalPhi>-226</orbitalPhi>
                <retrograde>false</retrograde>
                <avgTemperature>422</avgTemperature>
                <rotationalPeriod>69970</rotationalPeriod>
                <atmosphereDensity>15</atmosphereDensity>
                <generateCraters>true</generateCraters>
                <generateCaves>false</generateCaves>
                <generateVolcanos>false</generateVolcanos>
                <generateStructures>false</generateStructures>
                <generateGeodes>false</generateGeodes>
                <biomeIds>advancedrocketry:moon;30,advancedrocketry:moondark;30</biomeIds>
            </planet>
        </planet>
        <planet DIMID="62" name="Proxima Centaurs 62">
            <isKnown>false</isKnown>
            <fogColor>1.0,1.0,1.0</fogColor>
            <skyColor>0.8,0.99714255,0.0</skyColor>
            <gravitationalMultiplier>129</gravitationalMultiplier>
            <orbitalDistance>72</orbitalDistance>
            <orbitalTheta>226</orbitalTheta>
            <orbitalPhi>-252</orbitalPhi>
            <retrograde>false</retrograde>
            <avgTemperature>783</avgTemperature>
            <rotationalPeriod>11051</rotationalPeriod>
            <atmosphereDensity>178</atmosphereDensity>
            <generateCraters>false</generateCraters>
            <generateCaves>false</generateCaves>
            <generateVolcanos>true</generateVolcanos>
            <generateStructures>false</generateStructures>
            <generateGeodes>true</generateGeodes>
            <biomeIds>minecraft:mutated_desert;30,minecraft:mutated_savanna;30,minecraft:mutated_mesa_clear_rock;30,minecraft:deep_ocean;30,minecraft:frozen_ocean;30</biomeIds>
            <planet DIMID="63" name="Proxima Centaurs 62: 0">
                <isKnown>false</isKnown>
                <fogColor>1.0,1.0,1.0</fogColor>
                <skyColor>0.8,0.80926526,0.2709602</skyColor>
                <gravitationalMultiplier>62</gravitationalMultiplier>
                <orbitalDistance>143</orbitalDistance>
                <orbitalTheta>26</orbitalTheta>
                <orbitalPhi>-311</orbitalPhi>
                <retrograde>false</retrograde>
                <avgTemperature>427</avgTemperature>
                <rotationalPeriod>100701</rotationalPeriod>
                <atmosphereDensity>18</atmosphereDensity>
                <generateCraters>true</generateCraters>
                <generateCaves>false</generateCaves>
                <generateVolcanos>false</generateVolcanos>
                <generateStructures>false</generateStructures>
                <generateGeodes>false</generateGeodes>
                <biomeIds>advancedrocketry:moon;30,advancedrocketry:moondark;30</biomeIds>
            </planet>
            <oceanBlock>minecraft:lava</oceanBlock>
        </planet>
    </star>
    <star blackHole="false" name="Magnis Vulpes" numGasGiants="0" numPlanets="0" size="1.0" temp="70" x="-150" y="-250">
        <planet DIMID="70" name="Magnis Vulpes 70">
            <isKnown>false</isKnown>
            <fogColor>1.0,1.0,1.0</fogColor>
            <skyColor>0.8,0.856984,0.22641289</skyColor>
            <gravitationalMultiplier>130</gravitationalMultiplier>
            <orbitalDistance>28</orbitalDistance>
            <orbitalTheta>281</orbitalTheta>
            <orbitalPhi>-178</orbitalPhi>
            <retrograde>false</retrograde>
            <avgTemperature>440</avgTemperature>
            <rotationalPeriod>10923</rotationalPeriod>
            <atmosphereDensity>179</atmosphereDensity>
            <generateCraters>false</generateCraters>
            <generateCaves>false</generateCaves>
            <generateVolcanos>false</generateVolcanos>
            <generateStructures>true</generateStructures>
            <generateGeodes>true</generateGeodes>
            <biomeIds>minecraft:desert_hills;30</biomeIds>
            <planet DIMID="71" name="Magnis Vulpes 70: 0">
                <isKnown>false</isKnown>
                <fogColor>1.0,1.0,1.0</fogColor>
                <skyColor>0.8,0.58714235,1.0</skyColor>
                <gravitationalMultiplier>71</gravitationalMultiplier>
                <orbitalDistance>110</orbitalDistance>
                <orbitalTheta>248</orbitalTheta>
                <orbitalPhi>-145</orbitalPhi>
                <retrograde>false</retrograde>
                <avgTemperature>170</avgTemperature>
                <rotationalPeriod>67055</rotationalPeriod>
                <atmosphereDensity>28</atmosphereDensity>
                <generateCraters>true</generateCraters>
                <generateCaves>false</generateCaves>
                <generateVolcanos>false</generateVolcanos>
                <generateStructures>false</generateStructures>
                <generateGeodes>false</generateGeodes>
                <biomeIds>minecraft:ocean;30,twilightforest:mushroom_forest;30,twilightforest:highlands_center;30,twilightforest:twilight_lake;30,twilightforest:twilight_stream;30</biomeIds>
            </planet>
        </planet>
        <planet DIMID="72" name="Magnis Vulpes 72">
            <isKnown>false</isKnown>
            <hasRings>true</hasRings>
            <ringColor>0.7173861,0.881372,1.0</ringColor>
            <fogColor>1.0,1.0,1.0</fogColor>
            <skyColor>0.7173861,0.881372,1.0</skyColor>
            <gravitationalMultiplier>130</gravitationalMultiplier>
            <orbitalDistance>156</orbitalDistance>
            <orbitalTheta>348</orbitalTheta>
            <orbitalPhi>-141</orbitalPhi>
            <retrograde>false</retrograde>
            <avgTemperature>149</avgTemperature>
            <rotationalPeriod>10923</rotationalPeriod>
            <atmosphereDensity>73</atmosphereDensity>
            <generateCraters>true</generateCraters>
            <generateCaves>false</generateCaves>
            <generateVolcanos>false</generateVolcanos>
            <generateStructures>false</generateStructures>
            <generateGeodes>false</generateGeodes>
            <biomeIds>minecraft:beaches;30,twilightforest:mushroom_forest;30,minecraft:birch_forest;10,twilightforest:firefly_forest;30,minecraft:mutated_roofed_forest;30</biomeIds>
            <planet DIMID="73" name="Magnis Vulpes 72: 0">
                <isKnown>false</isKnown>
                <fogColor>1.0,1.0,1.0</fogColor>
                <skyColor>0.76041746,0.7681956,1.0</skyColor>
                <gravitationalMultiplier>55</gravitationalMultiplier>
                <orbitalDistance>114</orbitalDistance>
                <orbitalTheta>229</orbitalTheta>
                <orbitalPhi>23</orbitalPhi>
                <retrograde>false</retrograde>
                <avgTemperature>167</avgTemperature>
                <rotationalPeriod>144252</rotationalPeriod>
                <atmosphereDensity>26</atmosphereDensity>
                <generateCraters>true</generateCraters>
                <generateCaves>false</generateCaves>
                <generateVolcanos>false</generateVolcanos>
                <generateStructures>false</generateStructures>
                <generateGeodes>false</generateGeodes>
                <biomeIds>twilightforest:fire_swamp;30,minecraft:mutated_forest;30,minecraft:forest;10,twilightforest:twilight_lake;30,minecraft:mutated_extreme_hills_with_trees;30</biomeIds>
            </planet>
            <planet DIMID="74" name="Magnis Vulpes 72: 1">
                <isKnown>false</isKnown>
                <fogColor>1.0,1.0,1.0</fogColor>
                <skyColor>0.6554772,0.79736483,1.0</skyColor>
                <gravitationalMultiplier>72</gravitationalMultiplier>
                <orbitalDistance>185</orbitalDistance>
                <orbitalTheta>48</orbitalTheta>
                <orbitalPhi>22</orbitalPhi>
                <retrograde>false</retrograde>
                <avgTemperature>131</avgTemperature>
                <rotationalPeriod>64300</rotationalPeriod>
                <atmosphereDensity>32</atmosphereDensity>
                <generateCraters>true</generateCraters>
                <generateCaves>false</generateCaves>
                <generateVolcanos>false</generateVolcanos>
                <generateStructures>false</generateStructures>
                <generateGeodes>false</generateGeodes>
                <biomeIds>minecraft:mutated_desert;30,twilightforest:firefly_forest;30,minecraft:mushroom_island_shore;30,twilightforest:twilight_stream;30,nuclearcraft:nuclear_wasteland;5</biomeIds>
            </planet>
            <planet DIMID="75" name="Magnis Vulpes 72: 2">
                <isKnown>false</isKnown>
                <fogColor>1.0,1.0,1.0</fogColor>
                <skyColor>0.67113376,0.96581435,1.0</skyColor>
                <gravitationalMultiplier>85</gravitationalMultiplier>
                <orbitalDistance>166</orbitalDistance>
                <orbitalTheta>219</orbitalTheta>
                <orbitalPhi>-96</orbitalPhi>
                <retrograde>false</retrograde>
                <avgTemperature>138</avgTemperature>
                <rotationalPeriod>39079</rotationalPeriod>
                <atmosphereDensity>23</atmosphereDensity>
                <generateCraters>true</generateCraters>
                <generateCaves>false</generateCaves>
                <generateVolcanos>false</generateVolcanos>
                <generateStructures>false</generateStructures>
                <generateGeodes>false</generateGeodes>
                <seaLevel>55</seaLevel>
                <biomeIds>advancedrocketry:moon;30,advancedrocketry:moondark;30</biomeIds>
            </planet>
        </planet>
    </star>
    <star blackHole="false" name="Ma-Roo" numGasGiants="0" numPlanets="0" size="1.0" temp="200" x="50" y="-250">
        <planet DIMID="80" name="Ma-Roo 80">
            <isKnown>false</isKnown>
            <fogColor>1.0,1.0,1.0</fogColor>
            <skyColor>0.8,0.8244847,0.0</skyColor>
            <gravitationalMultiplier>92</gravitationalMultiplier>
            <orbitalDistance>77</orbitalDistance>
            <orbitalTheta>224</orbitalTheta>
            <orbitalPhi>-191</orbitalPhi>
            <retrograde>false</retrograde>
            <avgTemperature>791</avgTemperature>
            <rotationalPeriod>30323</rotationalPeriod>
            <atmosphereDensity>212</atmosphereDensity>
            <generateCraters>false</generateCraters>
            <generateCaves>false</generateCaves>
            <generateVolcanos>true</generateVolcanos>
            <generateStructures>false</generateStructures>
            <generateGeodes>true</generateGeodes>
            <biomeIds>minecraft:mutated_savanna;30,minecraft:mutated_mesa_rock;30,minecraft:desert;30,advancedrocketry:oceanspires;30,twilightforest:fire_swamp;30</biomeIds>
            <oceanBlock>minecraft:lava</oceanBlock>
        </planet>
        <planet DIMID="81" name="Ma-Roo 81">
            <isKnown>false</isKnown>
            <fogColor>1.0,1.0,1.0</fogColor>
            <skyColor>0.8,0.82541513,0.0</skyColor>
            <gravitationalMultiplier>94</gravitationalMultiplier>
            <orbitalDistance>78</orbitalDistance>
            <orbitalTheta>233</orbitalTheta>
            <orbitalPhi>-367</orbitalPhi>
            <retrograde>false</retrograde>
            <avgTemperature>579</avgTemperature>
            <rotationalPeriod>28439</rotationalPeriod>
            <atmosphereDensity>50</atmosphereDensity>
            <generateCraters>true</generateCraters>
            <generateCaves>false</generateCaves>
            <generateVolcanos>true</generateVolcanos>
            <generateStructures>false</generateStructures>
            <generateGeodes>false</generateGeodes>
            <biomeIds>minecraft:mutated_mesa;30,minecraft:mutated_mesa_clear_rock;30,minecraft:desert_hills;30,twilightforest:fire_swamp;30,minecraft:savanna;30</biomeIds>
            <oceanBlock>minecraft:lava</oceanBlock>
        </planet>
        <planet DIMID="82" name="Ma-Roo 82">
            <isKnown>false</isKnown>
            <fogColor>1.0,1.0,1.0</fogColor>
            <skyColor>0.8,0.7045444,0.08667201</skyColor>
            <gravitationalMultiplier>88</gravitationalMultiplier>
            <orbitalDistance>124</orbitalDistance>
            <orbitalTheta>177</orbitalTheta>
            <orbitalPhi>-455</orbitalPhi>
            <retrograde>false</retrograde>
            <avgTemperature>459</avgTemperature>
            <rotationalPeriod>34624</rotationalPeriod>
            <atmosphereDensity>10</atmosphereDensity>
            <generateCraters>true</generateCraters>
            <generateCaves>false</generateCaves>
            <generateVolcanos>true</generateVolcanos>
            <generateStructures>false</generateStructures>
            <generateGeodes>false</generateGeodes>
            <biomeIds>advancedrocketry:moon;30,advancedrocketry:moondark;30</biomeIds>
            <oceanBlock>minecraft:lava</oceanBlock>
        </planet>
        <planet DIMID="76" name="Ma-Roo 76">
            <isKnown>false</isKnown>
            <fogColor>1.0,1.0,1.0</fogColor>
            <skyColor>0.8,0.8027642,0.0</skyColor>
            <gravitationalMultiplier>106</gravitationalMultiplier>
            <orbitalDistance>69</orbitalDistance>
            <orbitalTheta>308</orbitalTheta>
            <orbitalPhi>-114</orbitalPhi>
            <retrograde>false</retrograde>
            <avgTemperature>785</avgTemperature>
            <rotationalPeriod>19868</rotationalPeriod>
            <atmosphereDensity>165</atmosphereDensity>
            <generateCraters>false</generateCraters>
            <generateCaves>false</generateCaves>
            <generateVolcanos>true</generateVolcanos>
            <generateStructures>false</generateStructures>
            <generateGeodes>true</generateGeodes>
            <biomeIds>minecraft:savanna_rock;30,minecraft:ocean;30,minecraft:deep_ocean;30,minecraft:jungle;30,minecraft:mutated_jungle_edge;30</biomeIds>
            <planet DIMID="77" name="Ma-Roo 76: 0">
                <isKnown>false</isKnown>
                <fogColor>1.0,1.0,1.0</fogColor>
                <skyColor>0.8,0.83181643,0.23621064</skyColor>
                <gravitationalMultiplier>54</gravitationalMultiplier>
                <orbitalDistance>147</orbitalDistance>
                <orbitalTheta>227</orbitalTheta>
                <orbitalPhi>-259</orbitalPhi>
                <retrograde>false</retrograde>
                <avgTemperature>422</avgTemperature>
                <rotationalPeriod>152415</rotationalPeriod>
                <atmosphereDensity>19</atmosphereDensity>
                <generateCraters>true</generateCraters>
                <generateCaves>false</generateCaves>
                <generateVolcanos>false</generateVolcanos>
                <generateStructures>false</generateStructures>
                <generateGeodes>false</generateGeodes>
                <biomeIds>advancedrocketry:moon;30,advancedrocketry:moondark;30</biomeIds>
            </planet>
            <oceanBlock>minecraft:lava</oceanBlock>
        </planet>
        <planet DIMID="78" name="Ma-Roo 78">
            <isKnown>false</isKnown>
            <fogColor>1.0,1.0,1.0</fogColor>
            <skyColor>0.8,0.73832905,0.0</skyColor>
            <gravitationalMultiplier>88</gravitationalMultiplier>
            <orbitalDistance>93</orbitalDistance>
            <orbitalTheta>239</orbitalTheta>
            <orbitalPhi>26</orbitalPhi>
            <retrograde>false</retrograde>
            <avgTemperature>530</avgTemperature>
            <rotationalPeriod>34624</rotationalPeriod>
            <atmosphereDensity>62</atmosphereDensity>
            <generateCraters>true</generateCraters>
            <generateCaves>false</generateCaves>
            <generateVolcanos>true</generateVolcanos>
            <generateStructures>false</generateStructures>
            <generateGeodes>false</generateGeodes>
            <seaLevel>57</seaLevel>
            <biomeIds>minecraft:frozen_ocean;30,twilightforest:twilight_lake;30,minecraft:savanna_rock;30,minecraft:mutated_mesa_rock;30,minecraft:desert;30</biomeIds>
            <oceanBlock>minecraft:lava</oceanBlock>
        </planet>
        <planet DIMID="79" name="Ma-Roo 79">
            <isKnown>false</isKnown>
            <fogColor>1.0,1.0,1.0</fogColor>
            <skyColor>0.8,0.9324126,0.34991038</skyColor>
            <gravitationalMultiplier>130</gravitationalMultiplier>
            <orbitalDistance>164</orbitalDistance>
            <orbitalTheta>263</orbitalTheta>
            <orbitalPhi>207</orbitalPhi>
            <retrograde>false</retrograde>
            <avgTemperature>399</avgTemperature>
            <rotationalPeriod>10923</rotationalPeriod>
            <atmosphereDensity>50</atmosphereDensity>
            <generateCraters>true</generateCraters>
            <generateCaves>false</generateCaves>
            <generateVolcanos>false</generateVolcanos>
            <generateStructures>false</generateStructures>
            <generateGeodes>false</generateGeodes>
            <biomeIds>minecraft:mutated_savanna_rock;30,minecraft:deep_ocean;30,minecraft:desert_hills;30,minecraft:mutated_mesa_clear_rock;30,advancedrocketry:oceanspires;30</biomeIds>
        </planet>
    </star>
    <star blackHole="false" name="Alykitt" numGasGiants="0" numPlanets="0" size="1.0" temp="120" x="75" y="200">
        <planet DIMID="83" name="Alykitt 83">
            <isKnown>false</isKnown>
            <GasGiant>true</GasGiant>
            <gas>nitrogen</gas>
            <gas>methane</gas>
            <gas>ammonia</gas>
            <gas>oxygen</gas>
            <fogColor>1.0,1.0,1.0</fogColor>
            <skyColor>1.0,1.0,1.0</skyColor>
            <gravitationalMultiplier>116</gravitationalMultiplier>
            <orbitalDistance>195</orbitalDistance>
            <orbitalTheta>0</orbitalTheta>
            <orbitalPhi>0</orbitalPhi>
            <retrograde>false</retrograde>
            <avgTemperature>252</avgTemperature>
            <rotationalPeriod>24000</rotationalPeriod>
            <atmosphereDensity>109</atmosphereDensity>
            <generateCraters>false</generateCraters>
            <generateCaves>false</generateCaves>
            <generateVolcanos>false</generateVolcanos>
            <generateStructures>false</generateStructures>
            <generateGeodes>false</generateGeodes>
            <planet DIMID="84" name="Alykitt 83: 0">
                <isKnown>false</isKnown>
                <fogColor>1.0,1.0,1.0</fogColor>
                <skyColor>0.8,0.61542726,0.8574487</skyColor>
                <gravitationalMultiplier>46</gravitationalMultiplier>
                <orbitalDistance>151</orbitalDistance>
                <orbitalTheta>182</orbitalTheta>
                <orbitalPhi>-569</orbitalPhi>
                <retrograde>false</retrograde>
                <avgTemperature>249</avgTemperature>
                <rotationalPeriod>246568</rotationalPeriod>
                <atmosphereDensity>37</atmosphereDensity>
                <generateCraters>true</generateCraters>
                <generateCaves>false</generateCaves>
                <generateVolcanos>false</generateVolcanos>
                <generateStructures>false</generateStructures>
                <generateGeodes>false</generateGeodes>
                <biomeIds>abyssalcraft:dreadlands;30,minecraft:ocean;30,minecraft:mushroom_island;30,abyssalcraft:purified_dreadlands;30,minecraft:desert;30</biomeIds>
            </planet>
            <planet DIMID="85" name="Alykitt 83: 1">
                <isKnown>false</isKnown>
                <fogColor>1.0,1.0,1.0</fogColor>
                <skyColor>0.8,0.7137461,0.8462579</skyColor>
                <gravitationalMultiplier>65</gravitationalMultiplier>
                <orbitalDistance>149</orbitalDistance>
                <orbitalTheta>241</orbitalTheta>
                <orbitalPhi>55</orbitalPhi>
                <retrograde>false</retrograde>
                <avgTemperature>251</avgTemperature>
                <rotationalPeriod>87391</rotationalPeriod>
                <atmosphereDensity>34</atmosphereDensity>
                <generateCraters>true</generateCraters>
                <generateCaves>false</generateCaves>
                <generateVolcanos>false</generateVolcanos>
                <generateStructures>false</generateStructures>
                <generateGeodes>false</generateGeodes>
                <biomeIds>advancedrocketry:crystalchasms;30</biomeIds>
            </planet>
            <planet DIMID="86" name="Alykitt 83: 2">
                <isKnown>false</isKnown>
                <fogColor>1.0,1.0,1.0</fogColor>
                <skyColor>0.8,0.78341305,0.8372586</skyColor>
                <gravitationalMultiplier>77</gravitationalMultiplier>
                <orbitalDistance>158</orbitalDistance>
                <orbitalTheta>105</orbitalTheta>
                <orbitalPhi>-369</orbitalPhi>
                <retrograde>false</retrograde>
                <avgTemperature>244</avgTemperature>
                <rotationalPeriod>52570</rotationalPeriod>
                <atmosphereDensity>37</atmosphereDensity>
                <generateCraters>true</generateCraters>
                <generateCaves>false</generateCaves>
                <generateVolcanos>false</generateVolcanos>
                <generateStructures>false</generateStructures>
                <generateGeodes>false</generateGeodes>
                <biomeIds>twilightforest:firefly_forest;30,twilightforest:twilight_stream;30,minecraft:mesa_rock;30,minecraft:stone_beach;30,advancedrocketry:volcanicbarren;30</biomeIds>
            </planet>
        </planet>
        <planet DIMID="87" name="Alykitt 87">
            <isKnown>false</isKnown>
            <fogColor>1.0,1.0,1.0</fogColor>
            <skyColor>0.8,0.9337716,0.0</skyColor>
            <gravitationalMultiplier>130</gravitationalMultiplier>
            <orbitalDistance>3</orbitalDistance>
            <orbitalTheta>72</orbitalTheta>
            <orbitalPhi>49</orbitalPhi>
            <retrograde>false</retrograde>
            <avgTemperature>2091</avgTemperature>
            <rotationalPeriod>10923</rotationalPeriod>
            <atmosphereDensity>121</atmosphereDensity>
            <generateCraters>false</generateCraters>
            <generateCaves>false</generateCaves>
            <generateVolcanos>true</generateVolcanos>
            <generateStructures>false</generateStructures>
            <generateGeodes>false</generateGeodes>
            <biomeIds>minecraft:mutated_savanna;30,minecraft:mutated_jungle_edge;30,minecraft:mutated_mesa_clear_rock;30,minecraft:desert;30,advancedrocketry:marsh;30</biomeIds>
            <planet DIMID="88" name="Alykitt 87: 0">
                <isKnown>false</isKnown>
                <fogColor>1.0,1.0,1.0</fogColor>
                <skyColor>0.8,0.5119403,0.7767574</skyColor>
                <gravitationalMultiplier>85</gravitationalMultiplier>
                <orbitalDistance>128</orbitalDistance>
                <orbitalTheta>252</orbitalTheta>
                <orbitalPhi>-232</orbitalPhi>
                <retrograde>false</retrograde>
                <avgTemperature>271</avgTemperature>
                <rotationalPeriod>39079</rotationalPeriod>
                <atmosphereDensity>19</atmosphereDensity>
                <generateCraters>true</generateCraters>
                <generateCaves>false</generateCaves>
                <generateVolcanos>false</generateVolcanos>
                <generateStructures>false</generateStructures>
                <generateGeodes>false</generateGeodes>
                <biomeIds>advancedrocketry:moon;30,advancedrocketry:moondark;30</biomeIds>
            </planet>
            <oceanBlock>minecraft:lava</oceanBlock>
        </planet>
        <planet DIMID="89" name="Alykitt 89">
            <isKnown>false</isKnown>
            <fogColor>1.0,1.0,1.0</fogColor>
            <skyColor>0.8,0.8838618,0.7130271</skyColor>
            <gravitationalMultiplier>115</gravitationalMultiplier>
            <orbitalDistance>167</orbitalDistance>
            <orbitalTheta>241</orbitalTheta>
            <orbitalPhi>108</orbitalPhi>
            <retrograde>false</retrograde>
            <avgTemperature>283</avgTemperature>
            <rotationalPeriod>15576</rotationalPeriod>
            <atmosphereDensity>127</atmosphereDensity>
            <generateCraters>false</generateCraters>
            <generateCaves>false</generateCaves>
            <generateVolcanos>false</generateVolcanos>
            <generateStructures>true</generateStructures>
            <generateGeodes>true</generateGeodes>
            <biomeIds>minecraft:ice_flats;30</biomeIds>
            <planet DIMID="90" name="Alykitt 89: 0">
                <isKnown>false</isKnown>
                <fogColor>1.0,1.0,1.0</fogColor>
                <skyColor>0.8,0.5849136,0.8259184</skyColor>
                <gravitationalMultiplier>68</gravitationalMultiplier>
                <orbitalDistance>158</orbitalDistance>
                <orbitalTheta>42</orbitalTheta>
                <orbitalPhi>-129</orbitalPhi>
                <retrograde>false</retrograde>
                <avgTemperature>244</avgTemperature>
                <rotationalPeriod>76328</rotationalPeriod>
                <atmosphereDensity>27</atmosphereDensity>
                <generateCraters>true</generateCraters>
                <generateCaves>false</generateCaves>
                <generateVolcanos>false</generateVolcanos>
                <generateStructures>false</generateStructures>
                <generateGeodes>false</generateGeodes>
                <biomeIds>abyssalcraft:darklands_mountains;4,twilightforest:fire_swamp;30,twilightforest:twilight_stream;30,minecraft:mutated_mesa_clear_rock;30,minecraft:extreme_hills;10</biomeIds>
            </planet>
            <planet DIMID="91" name="Alykitt 89: 1">
                <isKnown>false</isKnown>
                <fogColor>1.0,1.0,1.0</fogColor>
                <skyColor>0.8,0.61817193,0.76503354</skyColor>
                <gravitationalMultiplier>56</gravitationalMultiplier>
                <orbitalDistance>137</orbitalDistance>
                <orbitalTheta>89</orbitalTheta>
                <orbitalPhi>48</orbitalPhi>
                <retrograde>false</retrograde>
                <avgTemperature>262</avgTemperature>
                <rotationalPeriod>136661</rotationalPeriod>
                <atmosphereDensity>25</atmosphereDensity>
                <generateCraters>true</generateCraters>
                <generateCaves>false</generateCaves>
                <generateVolcanos>false</generateVolcanos>
                <generateStructures>false</generateStructures>
                <generateGeodes>false</generateGeodes>
                <biomeIds>advancedrocketry:moon;30,advancedrocketry:moondark;30</biomeIds>
            </planet>
        </planet>
        <planet DIMID="92" name="Alykitt 92">
            <isKnown>false</isKnown>
            <fogColor>1.0,1.0,1.0</fogColor>
            <skyColor>0.8,0.7547479,0.850054</skyColor>
            <gravitationalMultiplier>130</gravitationalMultiplier>
            <orbitalDistance>145</orbitalDistance>
            <orbitalTheta>356</orbitalTheta>
            <orbitalPhi>54</orbitalPhi>
            <retrograde>false</retrograde>
            <avgTemperature>254</avgTemperature>
            <rotationalPeriod>10923</rotationalPeriod>
            <atmosphereDensity>0</atmosphereDensity>
            <generateCraters>true</generateCraters>
            <generateCaves>false</generateCaves>
            <generateVolcanos>false</generateVolcanos>
            <generateStructures>false</generateStructures>
            <generateGeodes>false</generateGeodes>
            <biomeIds>advancedrocketry:moon;30,advancedrocketry:moondark;30</biomeIds>
            <planet DIMID="93" name="Alykitt 92: 0">
                <isKnown>false</isKnown>
                <fogColor>1.0,1.0,1.0</fogColor>
                <skyColor>0.8,0.7954171,0.60100293</skyColor>
                <gravitationalMultiplier>54</gravitationalMultiplier>
                <orbitalDistance>101</orbitalDistance>
                <orbitalTheta>217</orbitalTheta>
                <orbitalPhi>-263</orbitalPhi>
                <retrograde>false</retrograde>
                <avgTemperature>305</avgTemperature>
                <rotationalPeriod>152415</rotationalPeriod>
                <atmosphereDensity>17</atmosphereDensity>
                <generateCraters>true</generateCraters>
                <generateCaves>false</generateCaves>
                <generateVolcanos>false</generateVolcanos>
                <generateStructures>false</generateStructures>
                <generateGeodes>false</generateGeodes>
                <biomeIds>advancedrocketry:moon;30,advancedrocketry:moondark;30</biomeIds>
            </planet>
            <planet DIMID="94" name="Alykitt 92: 1">
                <isKnown>false</isKnown>
                <fogColor>1.0,1.0,1.0</fogColor>
                <skyColor>0.8,0.79056704,0.642236</skyColor>
                <gravitationalMultiplier>83</gravitationalMultiplier>
                <orbitalDistance>111</orbitalDistance>
                <orbitalTheta>42</orbitalTheta>
                <orbitalPhi>-235</orbitalPhi>
                <retrograde>false</retrograde>
                <avgTemperature>291</avgTemperature>
                <rotationalPeriod>41973</rotationalPeriod>
                <atmosphereDensity>13</atmosphereDensity>
                <generateCraters>true</generateCraters>
                <generateCaves>false</generateCaves>
                <generateVolcanos>false</generateVolcanos>
                <generateStructures>false</generateStructures>
                <generateGeodes>false</generateGeodes>
                <biomeIds>advancedrocketry:moon;30,advancedrocketry:moondark;30</biomeIds>
            </planet>
        </planet>
    </star>
</galaxy>
