{"stat.useItem.gregtech.ore_sphalerite_1":1,"stat.flyOneCm":630715,"stat.useItem.gregtech.meta_block_compressed_2000":1,"stat.useItem.gregtech.ore_zanite_1":1,"stat.walkOneCm":2139,"stat.drop.aether_legacy.aether_portal_frame":1,"stat.drop":2,"stat.jump":10,"stat.playOneMinute":87902,"stat.useItem.gregtech.ore_tetrahedrite_1":1,"stat.sneakTime":1634,"stat.drop.aether_legacy.lore_book":1,"stat.useItem.aether_legacy.aether_portal_frame":1,"stat.crouchOneCm":97,"stat.timeSinceDeath":87902,"stat.useItem.gregtech.ore_copper_1":1,"stat.sprintOneCm":1235}