{
  "minecraft:recipes/redstone/noteblock": {
    "criteria": {
      "has_redstone": "2021-09-04 17:29:37 -0500"
    },
    "done": true
  },
  "tombstone:tutorial/root": {
    "criteria": {
      "auto": "2021-09-04 14:38:41 -0500"
    },
    "done": true
  },
  "minecraft:recipes/tools/clock": {
    "criteria": {
      "has_redstone": "2021-09-04 17:29:37 -0500"
    },
    "done": true
  },
  "minecraft:recipes/tools/compass": {
    "criteria": {
      "has_redstone": "2021-09-04 17:29:37 -0500"
    },
    "done": true
  },
  "mysticalworld:root": {
    "criteria": {
      "auto": "2021-09-04 14:38:41 -0500"
    },
    "done": true
  },
  "railcraft:tracks/coke_oven": {
    "criteria": {
      "build": "2021-09-04 16:41:05 -0500"
    },
    "done": true
  },
  "enderioconduits:item/1_item_conduit": {
    "criteria": {
      "inv_changed-enderio:item_conduit": "2021-09-04 16:41:12 -0500"
    },
    "done": true
  },
  "bewitchment:crafted_altar": {
    "criteria": {
      "obsidian": "2021-09-04 18:28:30 -0500"
    },
    "done": true
  },
  "astralsorcery:root": {
    "criteria": {
      "astralsorcery_present": "2021-09-04 14:38:42 -0500"
    },
    "done": true
  },
  "minecraft:recipes/building_blocks/stonebrick": {
    "criteria": {
      "has_stone": "2021-09-04 17:01:35 -0500"
    },
    "done": true
  },
  "minecraft:recipes/redstone/piston": {
    "criteria": {
      "has_redstone": "2021-09-04 17:29:37 -0500"
    },
    "done": true
  },
  "minecraft:recipes/misc/light_gray_dye_from_azure_bluet": {
    "criteria": {
      "has_red_flower": "2021-09-04 17:03:13 -0500"
    },
    "done": true
  },
  "minecraft:adventure/adventuring_time": {
    "criteria": {
      "deep_ocean": "2021-09-04 16:50:44 -0500",
      "beaches": "2021-09-04 16:41:41 -0500",
      "plains": "2021-09-04 16:41:55 -0500",
      "ocean": "2021-09-04 16:41:43 -0500"
    },
    "done": false
  },
  "pyrotech:stone": {
    "criteria": {
      "stone": "2021-09-04 17:01:35 -0500"
    },
    "done": true
  },
  "minecraft:recipes/redstone/redstone_torch": {
    "criteria": {
      "has_redstone": "2021-09-04 17:29:37 -0500"
    },
    "done": true
  },
  "enderioconduits:goals/all_conduits": {
    "criteria": {
      "inv_changed-enderio:item_conduit2": "2021-09-04 16:41:12 -0500",
      "inv_changed-enderio:liquid_conduit_ender2": "2021-09-04 17:01:10 -0500"
    },
    "done": false
  },
  "enderioconduits:fluid/1_fluid_conduit": {
    "criteria": {
      "inv_changed-enderio:liquid_conduit": "2021-09-04 17:01:10 -0500"
    },
    "done": true
  },
  "naturesaura:infused_materials": {
    "criteria": {
      "materials": "2021-09-04 16:43:19 -0500"
    },
    "done": true
  },
  "minecraft:recipes/redstone/stone_button": {
    "criteria": {
      "has_stone": "2021-09-04 17:01:35 -0500"
    },
    "done": true
  },
  "minecraft:recipes/redstone/dropper": {
    "criteria": {
      "has_redstone": "2021-09-04 17:29:37 -0500"
    },
    "done": true
  },
  "nuclearcraft:root": {
    "criteria": {
      "location": "2021-09-04 14:38:41 -0500"
    },
    "done": true
  },
  "minecraft:recipes/redstone/stone_pressure_plate": {
    "criteria": {
      "has_stone": "2021-09-04 17:01:35 -0500"
    },
    "done": true
  },
  "minecraft:recipes/misc/yellow_dye_from_dandelion": {
    "criteria": {
      "has_yellow_flower": "2021-09-04 18:26:34 -0500"
    },
    "done": true
  },
  "twilightforest:alt/compat/tconstruct": {
    "criteria": {
      "book": "2021-09-04 14:38:40 -0500"
    },
    "done": true
  },
  "roots:root": {
    "criteria": {
      "auto": "2021-09-04 14:38:41 -0500"
    },
    "done": true
  },
  "bewitchment:root": {
    "criteria": {
      "tick": "2021-09-04 14:38:42 -0500"
    },
    "done": true
  },
  "enderioconduits:fluid/3_fluid_conduit_ender": {
    "criteria": {
      "inv_changed-enderio:liquid_conduit_ender": "2021-09-04 17:01:10 -0500"
    },
    "done": true
  }
}