{"stat.useItem.minecraft.air":59,"stat.useItem.bewitchment.obsidian_witches_altar":7,"stat.useItem.bewitchment.scorned_brick_witches_altar":6,"stat.walkOneCm":14122,"stat.craftItem.naturesaura.infused_iron_block":2,"stat.pickup.minecraft.coal_block":63,"stat.leaveGame":1,"stat.useItem.enderio.item_liquid_conduit":17,"stat.craftItem.gregtech.meta_item_1":18,"stat.flyOneCm":79439,"stat.jump":25,"stat.swimOneCm":303,"stat.craftItem.gregtech.meta_block_compressed_29":2,"stat.playOneMinute":149918,"stat.sneakTime":589,"stat.useItem.minecraft.yellow_flower":3,"stat.craftItem.naturesaura.infused_iron":18,"stat.damageDealt":60,"stat.crouchOneCm":723,"stat.useItem.thermalexpansion.augment":1,"stat.timeSinceDeath":149918,"stat.useItem.thermalfoundation.upgrade":1,"stat.sprintOneCm":17,"stat.diveOneCm":285,"stat.useItem.thermalexpansion.dynamo":7,"stat.useItem.enderio.item_item_conduit":2}