{"stat.useItem.minecraft.air":10,"stat.walkOneCm":13637,"stat.useItem.minecraft.flint_and_steel":1,"stat.leaveGame":1,"stat.useItem.scannable.module_block":1,"stat.flyOneCm":289524,"stat.drop":1,"stat.jump":120,"stat.playOneMinute":36885,"stat.sneakTime":482,"stat.pickup.gregtechfoodoption.gtfo_meta_item":1,"stat.damageDealt":18,"stat.crouchOneCm":673,"stat.timeSinceDeath":36885,"stat.useItem.minecraft.obsidian":13,"stat.useItem.thermalfoundation.upgrade":1,"stat.sprintOneCm":37165,"stat.drop.gregtechfoodoption.gtfo_meta_item":1}