{
  "minecraft:recipes/tools/flint_and_steel": {
    "criteria": {
      "has_obsidian": "2021-09-28 22:21:18 -0400"
    },
    "done": true
  },
  "minecraft:nether/find_fortress": {
    "criteria": {
      "fortress": "2021-09-28 22:23:42 -0400"
    },
    "done": true
  },
  "pyrotech:enter_the_nether": {
    "criteria": {
      "entered_nether": "2021-09-28 22:21:49 -0400"
    },
    "done": true
  },
  "tombstone:tutorial/root": {
    "criteria": {
      "auto": "2021-09-28 22:19:36 -0400"
    },
    "done": true
  },
  "minecraft:recipes/decorations/enchanting_table": {
    "criteria": {
      "has_obsidian": "2021-09-28 22:21:18 -0400"
    },
    "done": true
  },
  "minecraft:story/enter_the_nether": {
    "criteria": {
      "entered_nether": "2021-09-28 22:21:49 -0400"
    },
    "done": true
  },
  "mysticalworld:root": {
    "criteria": {
      "auto": "2021-09-28 22:19:36 -0400"
    },
    "done": true
  },
  "nuclearcraft:root": {
    "criteria": {
      "location": "2021-09-28 22:19:36 -0400"
    },
    "done": true
  },
  "astralsorcery:root": {
    "criteria": {
      "astralsorcery_present": "2021-09-28 22:20:29 -0400"
    },
    "done": true
  },
  "minecraft:nether/root": {
    "criteria": {
      "entered_nether": "2021-09-28 22:21:49 -0400"
    },
    "done": true
  },
  "minecraft:story/form_obsidian": {
    "criteria": {
      "obsidian": "2021-09-28 22:21:18 -0400"
    },
    "done": true
  },
  "twilightforest:alt/compat/tconstruct": {
    "criteria": {
      "book": "2021-09-28 22:19:36 -0400"
    },
    "done": true
  },
  "minecraft:adventure/adventuring_time": {
    "criteria": {
      "extreme_hills_with_trees": "2021-09-28 22:20:51 -0400",
      "taiga_hills": "2021-09-28 22:19:36 -0400",
      "extreme_hills": "2021-09-28 22:20:39 -0400"
    },
    "done": false
  },
  "roots:root": {
    "criteria": {
      "auto": "2021-09-28 22:19:36 -0400"
    },
    "done": true
  },
  "bewitchment:root": {
    "criteria": {
      "tick": "2021-09-28 22:20:29 -0400"
    },
    "done": true
  }
}