{
  "nuclearcraft:root": {
    "criteria": {
      "location": "2021-08-31 19:26:32 -0500"
    },
    "done": true
  },
  "astralsorcery:root": {
    "criteria": {
      "astralsorcery_present": "2021-08-31 19:26:32 -0500"
    },
    "done": true
  },
  "aether_legacy:enter_aether": {
    "criteria": {
      "enter_aether": "2021-08-31 19:28:13 -0500"
    },
    "done": true
  },
  "tombstone:tutorial/root": {
    "criteria": {
      "auto": "2021-08-31 19:26:32 -0500"
    },
    "done": true
  },
  "minecraft:recipes/redstone/redstone_lamp": {
    "criteria": {
      "has_glowstone": "2021-08-31 19:27:18 -0500"
    },
    "done": true
  },
  "minecraft:recipes/brewing/cauldron": {
    "criteria": {
      "has_water_bucket": "2021-08-31 19:27:22 -0500"
    },
    "done": true
  },
  "twilightforest:alt/compat/tconstruct": {
    "criteria": {
      "book": "2021-08-31 19:26:31 -0500"
    },
    "done": true
  },
  "mysticalworld:root": {
    "criteria": {
      "auto": "2021-08-31 19:26:32 -0500"
    },
    "done": true
  },
  "minecraft:adventure/adventuring_time": {
    "criteria": {
      "forest": "2021-08-31 19:26:32 -0500",
      "beaches": "2021-08-31 19:28:03 -0500"
    },
    "done": false
  },
  "aether_legacy:recipes/misc/purple_dye_flower": {
    "criteria": {
      "has_purple_flower": "2021-08-31 19:29:30 -0500"
    },
    "done": true
  },
  "bewitchment:root": {
    "criteria": {
      "tick": "2021-08-31 19:26:32 -0500"
    },
    "done": true
  },
  "roots:root": {
    "criteria": {
      "auto": "2021-08-31 19:26:32 -0500"
    },
    "done": true
  }
}